campaign_member_id,contact_id,campaign_id,first_name,last_name,email,created_date,status
00v2T00002LrVkO38W,0032T000022w0QOvfm,7012T00000KXg4XgDO,Morna,Demihov,fishing@stood.com,2023-04-26 18:49:47+00:00,Responded
00v2T0000256Wm34Ct,0032T00002c4PHyO1l,7012T00000ZIfHxmNk,Privado,Maiz,sinsoboerobot@fingernails.com,2023-04-11 17:36:30+00:00,Responded
00v2T00002vbcb3Qgq,0032T00002vmiJdnQw,7012T00000ftDe5OHW,Hubbers,Harries,lizard@violin.com,2023-05-28 23:56:01+00:00,Responded
00v2T00002OtXX1VWt,0032T000024FA1H2fZ,7012T00000ZIfHxmNk,Adella,Davidovitch,fossilmost@right.com,2023-05-12 08:00:14+00:00,Responded
00v2T00002SCxQpRCX,0032T00002h4NpMdpg,7012T00000ftDe5OHW,Simonette,Recio,trachodonlooksrush@language.com,2023-06-27 04:35:47+00:00,Responded
00v2T00002HfcYpown,0032T00002dNiwaODf,7012T00000ftDe5OHW,Hilde,Hofte,sends@archelon.co.uk,2023-07-08 23:02:19+00:00,Responded
00v2T000027ENhm4gN,0032T00002Fm7VZ7AN,7012T00000ftDe5OHW,Gabriel,Illunbe,songsalice@everything.com,2023-06-29 20:28:13+00:00,Responded
00v2T00002H8cigUgK,0032T00002H9mO8PhT,7012T00000ftDe5OHW,Fredra,Cruzeiro,pot@beam.edu,2023-07-04 02:48:10+00:00,Responded
00v2T00002E1hHZPy8,0032T00002N4KCf0xE,7012T00000KXg4XgDO,Kimberli,Kochjohann,neighedl@stiff.net,2023-04-08 03:48:48+00:00,Responded
00v2T00002au8pbkFk,0032T00002Of2AeaOf,7012T00000KXg4XgDO,Delia,Abaidullin,cut@pot.net,2023-03-20 16:59:41+00:00,Responded
00v2T00002NbFggRmO,0032T00002ryy8kBsg,7012T00000KXg4XgDO,Ester,Michelis,ribbonlivearound@candle.com,2023-04-30 00:40:30+00:00,Responded
00v2T00002ehtgUx0e,0032T00002snNpQ0fq,7012T00000KXg4XgDO,Roxane,Feans,pistol@burrow.com,2023-04-06 17:50:51+00:00,Responded
00v2T000020J9AnJT1,0032T00002PuEMZi17,7012T00000KXg4XgDO,Shahbazov,Tuca,up@heals.gov,2023-04-20 16:48:22+00:00,Responded
00v2T00002zr0JlbAG,0032T000021mqFK2NZ,7012T00000KXg4XgDO,Brittan,Assafroo,really@seconds.co.uk,2023-04-25 11:50:39+00:00,Responded
00v2T00002eKMGFy8W,0032T00002al15y8dT,7012T00000ZIfHxmNk,Baratech,Arnal,madalineeurope@meant.edu,2023-05-13 06:26:26+00:00,Responded
00v2T00002tEtmrOfi,0032T00002uRwr7g4s,7012T00000ftDe5OHW,Rahal,Fledderjohann,hillsidechorus@friends.edu,2023-07-04 22:43:22+00:00,Responded
00v2T000023P5GqApw,0032T00002viRsBBPO,7012T00000KXg4XgDO,Meyfarth,Mantia,gettingplaying@her.com,2023-04-22 10:57:05+00:00,Responded
00v2T00002efKgbQoK,0032T00002sXd79nDg,7012T00000ftDe5OHW,Trixie,Villaume,georgiajersey@macaroni.co.uk,2023-06-15 18:25:56+00:00,Responded
00v2T00002erAV8Mwd,0032T00002pXLjbKMQ,7012T00000ZIfHxmNk,Phelia,Gulomar,fenceplategrapes@sack.net,2023-06-22 23:51:41+00:00,Responded
00v2T00002r9fQPthP,0032T00002RhobweA0,7012T00000ZIfHxmNk,Stepha,Dacasa,sailsrubyhaste@already.com,2023-05-14 07:40:44+00:00,Responded
00v2T000020gJcFjjW,0032T00002tBdPtWAP,7012T00000ftDe5OHW,Binny,Compañ,traffic@tuna.co.uk,2023-07-06 15:57:06+00:00,Responded
00v2T00002g7UJYGp3,0032T00002tTmD3vVv,7012T00000KXg4XgDO,Privado,Cossmann,seasheaven@rolling.net,2023-04-10 14:13:06+00:00,Responded
00v2T00002hGoWYjgq,0032T00002pyZ2ROsk,7012T00000KXg4XgDO,Henningsen,Hofener,energyacrocanthosaurusstood@matines.com,2023-05-11 20:47:39+00:00,Responded
00v2T00002b5qtco08,0032T00002uhBU2zUR,7012T00000ZIfHxmNk,Hyacinthie,Alcaraz,savioridle@barefoot.com,2023-05-12 04:22:25+00:00,Responded
00v2T00002iIRmD0k7,0032T00002weXu1275,7012T00000ftDe5OHW,Abbi,Gorskikh,best@iris.gov,2023-07-06 14:44:15+00:00,Responded
00v2T00002kGmz5P2u,0032T00002NBGeu9hs,7012T00000ZIfHxmNk,Blisse,Saragueta,trout@would.edu,2023-05-15 00:21:03+00:00,Responded
00v2T00002EA3GFFh1,0032T000029C5O9hbY,7012T00000ZIfHxmNk,Julina,Borreguero,niece@sail.com,2023-05-17 01:25:21+00:00,Responded
00v2T00002FoAP6VRx,0032T00002yY7pHRsh,7012T00000KXg4XgDO,Hubbers,Kusiel,winter@turned.net,2023-04-12 12:56:34+00:00,Responded
00v2T00002iH8NueEk,0032T00002LFwAPHZk,7012T00000ZIfHxmNk,Alaine,Racaj,herofemurhug@called.com,2023-03-21 10:15:36+00:00,Responded
00v2T00002ACuiJ1am,0032T00002RgELxFUA,7012T00000ftDe5OHW,Lotti,Kanza,rainsanthemscone@socks.edu,2023-07-02 03:17:36+00:00,Responded
00v2T00002UiBCu30D,0032T00002sg7J6leg,7012T00000ZIfHxmNk,Veronica,Wakup,toocluck@pop.com,2023-05-13 04:37:54+00:00,Responded
00v2T00002m0Wz03DN,0032T000021746N0Is,7012T00000ZIfHxmNk,Hedwig,Roijakker,wipingcaterpillar@today.edu,2023-05-24 03:25:12+00:00,Responded
00v2T00002EPUtZmap,0032T00002G9pNCWBN,7012T00000ftDe5OHW,Colly,Nadwornik,polishll@domestic.gov,2023-06-30 16:14:42+00:00,Responded
00v2T000029WWO3YI2,0032T00002SVNQ34NW,7012T00000ZIfHxmNk,Julianne,Ibarrena,fawn@bananas.net,2023-05-16 00:56:53+00:00,Responded
00v2T00002e7UkeMB2,0032T00002Is1Cwi9K,7012T00000KXg4XgDO,Kiah,Kubosch,unenlagiaswiftlyboat@together.com,2023-06-29 01:22:02+00:00,Responded
00v2T00002ercfOGtZ,0032T00002hlPvP7X0,7012T00000KXg4XgDO,Layne,Saran,dodecahedronbanana@strawberries.com,2023-03-22 11:03:32+00:00,Responded
00v2T00002BT1IAe4u,0032T00002WQs70rDw,7012T00000KXg4XgDO,Veronique,Ochsner,satshrimp@make.com,2023-04-27 20:03:56+00:00,Responded
00v2T00002CRXjhMby,0032T000028K1xY6c5,7012T00000ftDe5OHW,Jo Ann,Weidenhaupt,kansas@epitaph.edu,2023-06-13 05:07:59+00:00,Responded
00v2T00002yPpf61vy,0032T000024Ee7m5Ov,7012T00000ZIfHxmNk,Henningsen,Hartig,behappymaze@molar.com,2023-05-25 21:47:15+00:00,Responded
00v2T00002giBjeFWp,0032T00002DJtrCHLD,7012T00000ZIfHxmNk,Galofre,El Yahiaoui,nuthatchqueeneconomics@fertilized.com,2023-05-23 10:41:46+00:00,Responded
00v2T00002Bh4n9Pqx,0032T00002NuCeC7o6,7012T00000ftDe5OHW,Ally,Goldbrunn,ran@opening.com,2023-06-18 05:05:58+00:00,Responded
00v2T00002GWsEbiPZ,0032T00002FEiXtWED,7012T00000ZIfHxmNk,Elyssa,Arriandiaga,sailboatsloshtwenty@dog.com,2023-05-13 16:16:35+00:00,Responded
00v2T00002Olfb1lVH,0032T00002qXYhHoBi,7012T00000ZIfHxmNk,Barry,Cayado,scattercherryrolls@moving.com,2023-05-20 04:23:24+00:00,Responded
00v2T00002vVmg65vx,0032T0000291vJ6yzG,7012T00000KXg4XgDO,Jo-Ann,Mocan,pennyweightwellexcused@wandered.com,2023-04-20 01:23:03+00:00,Responded
00v2T000027QdHqp7t,0032T00002Y3r2i0Hy,7012T00000KXg4XgDO,Jerry,Dzi,biomemidday@crawl.gov,2023-05-19 16:46:51+00:00,Responded
00v2T000027D4HqRWt,0032T00002MdmozJyF,7012T00000KXg4XgDO,Tracie,Murillas,wretch@father.com,2023-04-05 21:57:26+00:00,Responded
00v2T00002yLxNbBuY,0032T00002pKLOVLOx,7012T00000ftDe5OHW,Nikolia,Vedenkin,rockstroutone@utahraptor.com,2023-06-29 14:37:56+00:00,Responded
00v2T00002LjRz4k3y,0032T000021HSJgkfl,7012T00000ZIfHxmNk,Rosemary,Cirugeda,rainfrontjolly@bulging.edu,2023-05-14 23:16:50+00:00,Responded
00v2T00002O8WPqY0S,0032T00002UpPeVfm4,7012T00000KXg4XgDO,Anett,Baldrich,pingjohnnymiss@brayed.com,2023-05-06 18:00:43+00:00,Responded
00v2T00002I0798Agl,0032T00002X2FLK7MA,7012T00000KXg4XgDO,Kevyn,Kuqi,laurel@coming.org,2023-05-05 14:26:29+00:00,Responded
00v2T000029vrO3Ezp,0032T00002jbNlW9pB,7012T00000KXg4XgDO,Hubbers,Heintzelmann,maroon@purse.com,2023-05-12 13:29:20+00:00,Responded
00v2T00002ZweAzJOu,0032T000027AABxno6,7012T00000ftDe5OHW,Clarissa,Ortolano,grandfatherspringgerrothorax@hexaflexagon.com,2023-06-30 23:36:44+00:00,Responded
00v2T00002DvovEc6g,0032T00002TWZ9NGPO,7012T00000ZIfHxmNk,Rahel,Alcoy,beenboughtlever@napper.com,2023-05-15 14:06:39+00:00,Responded
00v2T00002zmh5PmHx,0032T00002UdMeB6g6,7012T00000ftDe5OHW,Henningsen,Vinyoles,sailboatdoll@out.com,2023-06-28 23:59:05+00:00,Responded
00v2T00002Evv3N818,0032T00002QF7uxtBg,7012T00000ftDe5OHW,Hiu,Schlutius,creekssilentleaves@earthy.com,2023-06-19 00:10:28+00:00,Responded
00v2T00002oF0W0rIm,0032T00002CYQFrgKZ,7012T00000ZIfHxmNk,Delila,Andresz,anyhuedreidel@mussaurus.edu,2023-05-15 00:59:02+00:00,Responded
00v2T00002wGBcxZkP,0032T00002C0joAf2H,7012T00000ftDe5OHW,Lorilyn,Baukhage,needlessfight@towering.com,2023-07-01 02:58:26+00:00,Responded
00v2T00002D7jWwGVd,0032T00002fjF3fFwn,7012T00000ftDe5OHW,Renard,Ploogt,whalestayed@sunset.com,2023-06-22 15:08:19+00:00,Responded
00v2T00002ZnFUb7Po,0032T00002qj6O0jdJ,7012T00000ftDe5OHW,Leontine,Vino,wormsmstarted@bile.com,2023-07-10 23:54:51+00:00,Responded
00v2T00002NqoBlgmC,0032T00002TXxdGE0q,7012T00000ZIfHxmNk,Kevyn,Riperto,safetywalkedlying@stand.edu,2023-05-14 15:58:08+00:00,Responded
00v2T00002s2KDrOex,0032T00002rHn6jSob,7012T00000KXg4XgDO,Fruechtenicht,Hache,sunshinethee@tarnished.com,2023-04-25 00:30:03+00:00,Responded
00v2T00002Lmpgcg8o,0032T000025wNpbxGn,7012T00000ZIfHxmNk,Davine,Anfuso,wheresearched@artrattaranagram.edu,2023-05-13 04:38:17+00:00,Responded
00v2T00002CPKz9k77,0032T00002DlXEVcVM,7012T00000ZIfHxmNk,Kristel,Bahrens,spelleconomics@throughout.com,2023-06-24 00:24:32+00:00,Responded
00v2T00002zpEZepgS,0032T00002fJdxfGtc,7012T00000ftDe5OHW,Opgenhoff,Stempliewicz,lifted@shuts.com,2023-06-29 14:26:25+00:00,Responded
00v2T00002jeV6Rg6d,0032T000021ToGFhm1,7012T00000ftDe5OHW,Luise,Vielba,marschubby@nine.edu,2023-06-24 13:36:14+00:00,Responded
00v2T00002ber4X05b,0032T00002vsRDXAG4,7012T00000ftDe5OHW,Nueba,Arents,hours@live.edu,2023-07-06 03:57:05+00:00,Responded
00v2T00002aHXvF8RB,0032T00002OHd8etAf,7012T00000KXg4XgDO,Kaja,Ringeis,megalodon@balloon.com,2023-04-18 23:46:39+00:00,Responded
00v2T00002XXF94Ys9,0032T00002apvfdl5e,7012T00000ftDe5OHW,Luise,Bruckmuller,aliceseparate@flung.edu,2023-06-18 18:30:56+00:00,Responded
00v2T000020pmPNvSH,0032T00002fCrR5SWc,7012T00000KXg4XgDO,Schoenen,Vosshage,jigpufferfish@boo.com,2023-04-07 00:28:21+00:00,Responded
00v2T00002qjgMoXzD,0032T000022XNkQmQ2,7012T00000ZIfHxmNk,Reisen,Bedoya,leap@chamber.com,2023-05-17 01:57:06+00:00,Responded
00v2T00002ZXHYfNZy,0032T000021SE2hNPY,7012T00000ZIfHxmNk,Olwen,Lorizate,eelside@eats.com,2023-04-12 23:03:46+00:00,Responded
00v2T00002lWNIzHrD,0032T00002fcolPqhs,7012T00000ftDe5OHW,Chloette,Senghaas,jupitersometime@six.org,2023-07-07 00:20:09+00:00,Responded
00v2T00002qU5IWe7j,0032T000026eOwyHrm,7012T00000KXg4XgDO,Dustin A.,Janick,lizardailes@blynken.com,2023-04-11 06:44:34+00:00,Responded
00v2T000026LfTGn2e,0032T00002qVSIAsyt,7012T00000KXg4XgDO,Carlin,Eifert,coolibahbet@answer.com,2023-03-28 16:27:58+00:00,Responded
00v2T00002ws1wL2Ah,0032T00002H64lMDEt,7012T00000ZIfHxmNk,Drewe,Boven,maskcannotfore@death.org,2023-06-07 04:10:44+00:00,Responded
00v2T00002WUkDZ7zQ,0032T00002Fu6L9jjI,7012T00000ftDe5OHW,Steffane,Buch,motorcyclewalked@met.net,2023-06-29 00:12:57+00:00,Responded
00v2T000021L708nQE,0032T00002YjYcccC7,7012T00000ftDe5OHW,Guendolen,Gim,grewyonder@pot.com,2023-06-14 12:22:46+00:00,Responded
00v2T00002dz1wqJOn,0032T00002BYcyeUvD,7012T00000ZIfHxmNk,Bunnie,Ballerstedt,midst@settles.org,2023-05-17 11:04:17+00:00,Responded
00v2T00002tpJE1e5s,0032T00002tienqxMH,7012T00000KXg4XgDO,Claudine,Hapkov,barnnovemberforbear@hang.com,2023-04-05 18:11:41+00:00,Responded
00v2T00002wasA3lm8,0032T00002o2omHCHc,7012T00000KXg4XgDO,Susanetta,Horchemer,strikethere@medal.com,2023-03-23 14:06:41+00:00,Responded
00v2T00002rurPtaBa,0032T00002bryYKBd3,7012T00000ftDe5OHW,Pohodun,Izarraga,town@astronomer.gov,2023-06-21 23:35:13+00:00,Responded
00v2T00002NNAScZhb,0032T000026Sf5Prs5,7012T00000ZIfHxmNk,Antonietta,Baues,valentinehorridsinking@donkey.com,2023-05-16 00:36:03+00:00,Responded
00v2T00002QqMbIrcM,0032T00002bYIxJZSM,7012T00000KXg4XgDO,Rica,Bachofner,goodnessvain@redbreast.com,2023-04-06 18:00:51+00:00,Responded
00v2T00002q8CwbNmj,0032T00002kD5JLORa,7012T00000ZIfHxmNk,Isis,Adrada,dig@intestines.edu,2023-05-26 00:58:57+00:00,Responded
00v2T00002dVQYIA7Z,0032T00002gRYAjC31,7012T00000ftDe5OHW,Carri,Estrems,harrybrotherhonk@treasure.edu,2023-06-16 17:24:33+00:00,Responded
00v2T00002jGNj74u5,0032T000025iUFkTWb,7012T00000KXg4XgDO,Hahnchen,Amoraga,planepythonoryx@lots.com,2023-04-15 14:36:20+00:00,Responded
00v2T00002pNBOAR2a,0032T00002SGxf7FNa,7012T00000ftDe5OHW,Riannon,Keal,grownenvelope@everybody.com,2023-05-27 02:36:49+00:00,Responded
00v2T00002t9Nv9ELQ,0032T00002M5zdbOza,7012T00000KXg4XgDO,Phelia,Eichwurzel,myself@ninth.com,2023-04-25 23:08:18+00:00,Responded
00v2T00002DRCMnB9I,0032T00002hfF6RR59,7012T00000KXg4XgDO,Allison,Ducrocq,doubtlongingturkey@peacock.edu,2023-04-20 01:02:00+00:00,Responded
00v2T00002bq2QSyvn,0032T00002Sco92yw0,7012T00000ftDe5OHW,Terstappen,Zucchetti,sawbuttercupsmastodon@hosannas.com,2023-06-23 16:46:47+00:00,Responded
00v2T000024pYJgd2K,0032T00002ZurcBBBK,7012T00000ZIfHxmNk,Emmi,Pac,traversebuttonate@horrid.com,2023-06-20 01:16:27+00:00,Responded
00v2T00002QBYntJmI,0032T00002Dr5Sco8t,7012T00000KXg4XgDO,Trixie,Ezquer,diet@slow.com,2023-04-12 17:53:47+00:00,Responded
00v2T00002NjWPskdH,0032T00002L5iPUidn,7012T00000ZIfHxmNk,Lezlie,Ojembarrena,beaver@melodies.com,2023-06-03 05:18:08+00:00,Responded
00v2T00002nGaKWdTw,0032T000026p08gwMU,7012T00000KXg4XgDO,Schumans,Kranabitter,cassowary@magnet.com,2023-04-17 03:03:46+00:00,Responded
00v2T00002rsujC6yM,0032T00002E1MaSwPS,7012T00000ftDe5OHW,Cherri,Hahnchen,domestic@nets.edu,2023-06-22 16:09:36+00:00,Responded
00v2T000028GDNquhc,0032T00002aRbAblFT,7012T00000ftDe5OHW,Opgenhoff,Ombra,eleventhlyricsankle@suck.org,2023-06-19 13:14:41+00:00,Responded
00v2T00002Z9zJakU9,0032T00002PWG8fbY3,7012T00000KXg4XgDO,Virgie,Folli,nine@cross.org,2023-04-12 21:11:37+00:00,Responded
00v2T000022lTcodTv,0032T000023J1MKPfM,7012T00000ftDe5OHW,Guillema,Kostelk,bookcase@whale.com,2023-06-16 03:37:58+00:00,Responded
00v2T00002DMlno8Op,0032T00002SRSs0vbE,7012T00000ZIfHxmNk,Carilyn,Carita,visions@quagga.com,2023-05-30 17:37:23+00:00,Responded
00v2T00002pvW8XLJX,0032T00002tzTZeXU2,7012T00000KXg4XgDO,Bari,Ouahabi,hydrantyouthfill@settles.com,2023-04-13 16:08:01+00:00,Responded
00v2T00002nV5uc432,0032T000021u6SYrPK,7012T00000KXg4XgDO,Talya,Wewering,snoredhissedquilt@berries.com,2023-04-28 18:34:41+00:00,Responded
00v2T00002fLM9oX1R,0032T000026lmoKNgw,7012T00000ftDe5OHW,Layne,Arangoiti,thin@simmon.com,2023-06-18 14:04:41+00:00,Responded
00v2T00002r34XtibN,0032T00002J16Sfmh1,7012T00000ftDe5OHW,Tandi,Tejero,lady@treasure.com,2023-07-05 22:29:06+00:00,Responded
00v2T000021ujXmQNz,0032T00002LFwAPHZk,7012T00000KXg4XgDO,Alaine,Racaj,herofemurhug@called.com,2023-03-21 09:23:13+00:00,Responded
00v2T00002sJxvthe5,0032T000027IGKtZhD,7012T00000ZIfHxmNk,Faustine,Pingio,dancedinstead@sing.org,2023-06-10 01:11:50+00:00,Responded
00v2T00002lghWjrVR,0032T00002qxenqspv,7012T00000ftDe5OHW,Blanche,Handrup,needlesssangyears@crossed.com,2023-06-27 12:44:14+00:00,Responded
00v2T00002osYOI90j,0032T00002HXQs5XVW,7012T00000ZIfHxmNk,Chantal,Boom,heldcoveringartichoke@keys.com,2023-05-24 13:32:45+00:00,Responded
00v2T00002byueX6Cp,0032T00002osk2UMc9,7012T00000KXg4XgDO,Maud,El Gharbaoui,flutterdodecahedron@jumped.com,2023-03-18 11:14:57+00:00,Responded
00v2T00002fGlt7QeY,0032T000025DZDLSFI,7012T00000KXg4XgDO,Tilda,Endrici,summertimetrumpet@skipper.net,2023-04-28 17:21:55+00:00,Responded
00v2T00002mii1Ly8t,0032T00002aKrlk4wY,7012T00000ZIfHxmNk,Sisely,Arnelas,anthemshat@kwanzaa.com,2023-05-17 02:12:55+00:00,Responded
00v2T00002dDuJ9xp0,0032T00002vs2kxOY8,7012T00000KXg4XgDO,Kaja,Ruschenschmidt,jman81788@hotmail.com,2023-04-08 02:23:07+00:00,Responded
00v2T00002QMcLPEQL,0032T00002kpuYDtRW,7012T00000ftDe5OHW,Marjy,Bechte,geyseroverallssaturn@geography.com,2023-07-04 23:11:09+00:00,Responded
00v2T00002SupbCtRc,0032T000020Mk1Daeq,7012T00000ftDe5OHW,Meyfarth,Tuteja,pinnuevepython@heavens.com,2023-06-22 03:57:06+00:00,Responded
00v2T00002dx3yrvY0,0032T00002Za9NiTYb,7012T00000ftDe5OHW,moon meets,Darchinyants,simonover@settled.gov,2023-06-27 21:53:37+00:00,Responded
00v2T00002Y95yzoY5,0032T000027t3sVOAJ,7012T00000ftDe5OHW,Stephani,Turkevich,plumingenough@heigh.edu,2023-07-06 00:51:03+00:00,Responded
00v2T00002itDnsAIX,0032T00002mL22TKdj,7012T00000KXg4XgDO,Silvie,Siegl,animals@barca.edu,2023-03-20 18:36:15+00:00,Responded
00v2T00002nixbrUnz,0032T00002ZzbVanUA,7012T00000ftDe5OHW,Sara-Ann,Wittke,consentskirlinggroans@swimmer.com,2023-06-24 13:06:08+00:00,Responded
00v2T00002WtKdMElA,0032T00002XJG8abXf,7012T00000ZIfHxmNk,Aloysia,Lupperger,stylish@crouch.edu,2023-05-24 02:39:57+00:00,Responded
00v2T00002yY6PYMc9,0032T000026CBeVkSa,7012T00000KXg4XgDO,Meyfarth,Neymans,race@bison.edu,2023-05-06 09:13:11+00:00,Responded
00v2T000020kqLXwZi,0032T00002B3qT3TVS,7012T00000KXg4XgDO,Jerry,Solans,jolly@lets.com,2023-04-12 19:51:08+00:00,Responded
00v2T00002nd3t2Z8u,0032T00002rqO9A56o,7012T00000ZIfHxmNk,Kanza,Mayen,crittersdone@not.com,2023-05-22 11:33:48+00:00,Responded
00v2T00002ZlJfYmr1,0032T00002YnW5qZdf,7012T00000ftDe5OHW,Lorilyn,Sztoremsk,arosegrowing@tongue.com,2023-06-13 17:00:27+00:00,Responded
00v2T00002uV1eSH0M,0032T00002w2LANjRY,7012T00000KXg4XgDO,Tana,"Thornton, MS",eyebrowverkdavy@almighty.org,2023-03-17 20:26:37+00:00,Responded
00v2T00002tGcUtGJN,0032T00002EdgfI2Yx,7012T00000ZIfHxmNk,Harriett,Antoni,pliers@quoll.org,2023-05-21 04:27:55+00:00,Responded
00v2T00002Z2jrFJ1B,0032T00002n4jWN8au,7012T00000KXg4XgDO,Haily,Golenhofen,thousandmonkeys@award.co.uk,2023-03-20 19:22:24+00:00,Responded
00v2T00002BzmytezZ,0032T00002YmVOPMAp,7012T00000ftDe5OHW,Voelkert,Camporro,tresmonsterdevil@bassoon.com,2023-07-02 15:32:48+00:00,Responded
00v2T000027DghviH7,0032T00002DSGOEgmv,7012T00000KXg4XgDO,Kalestra,Iriartegoty,card@whale.com,2023-03-22 02:44:39+00:00,Responded
00v2T00002ioHgIiHP,0032T00002A6KHXlNr,7012T00000ftDe5OHW,Jankowski,Oettl,now@longitude.com,2023-07-06 17:19:56+00:00,Responded
00v2T00002qJNoc32e,0032T000023aMGUbzf,7012T00000KXg4XgDO,Guillema,Zanellato,volcano@capybara.com,2023-05-17 22:35:38+00:00,Responded
00v2T00002I6Uj75F6,0032T00002pmigIJx0,7012T00000ftDe5OHW,Marleah,Birentsveig,ruledworth@twine.co.uk,2023-06-16 00:19:11+00:00,Responded
00v2T00002zJo4vqr8,0032T00002gtQps5TA,7012T00000ZIfHxmNk,Laurella,Harriero,planetmetamorphosis@pulling.co.uk,2023-06-20 13:58:31+00:00,Responded
00v2T000026fo307Oq,0032T000023XmYSH1g,7012T00000ZIfHxmNk,Ricky,Brunet,settles@wayside.edu,2023-07-05 21:20:30+00:00,Responded
00v2T00002SM84vTPd,0032T00002SH510LXP,7012T00000ZIfHxmNk,Roanna,Urban,live@can.edu,2023-05-21 20:53:51+00:00,Responded
00v2T00002aokH2cFD,0032T00002SYiXna5W,7012T00000KXg4XgDO,Malfaz,Oloscoaga,bluebirdrhombus@plankton.com,2023-04-25 18:26:00+00:00,Responded
00v2T00002HcK8DYqi,0032T00002D9P4kW1O,7012T00000KXg4XgDO,Kristel,Mercado,jan@warm.com,2023-03-14 18:29:58+00:00,Responded
00v2T00002xFCoXxAS,0032T00002lrL3zj1L,7012T00000KXg4XgDO,Meyfarth,Fromberg,sighedhaunt@life.com,2023-04-24 17:43:54+00:00,Responded
00v2T00002e4n3jUQH,0032T000026UXNWm2X,7012T00000ZIfHxmNk,Rona,Rohkirch,ohioturkey@domestic.org,2023-05-12 05:56:43+00:00,Responded
00v2T00002fNENsu6H,0032T000023oPkyEot,7012T00000ZIfHxmNk,Kaja,Planker,emperor@still.com,2023-05-17 13:01:07+00:00,Responded
00v2T00002bh4swD4Z,0032T00002OE8noLwH,7012T00000KXg4XgDO,Francisca,Pindado,shockingmobile@person.com,2023-03-23 21:13:47+00:00,Responded
00v2T00002M9YGlo7y,0032T000025XUDZX6W,7012T00000ftDe5OHW,Trixie,Middelhaufe,waspmuskratlove@harry.edu,2023-07-03 17:01:42+00:00,Responded
00v2T00002Gk8Ulu2W,0032T00002OHd8etAf,7012T00000ZIfHxmNk,Kaja,Ringeis,megalodon@balloon.com,2023-04-19 01:01:53+00:00,Responded
00v2T00002J55uTJQd,0032T00002iMZjWqnR,7012T00000ftDe5OHW,Milli,Wissborn,realmarbleslaptop@chickens.edu,2023-06-09 03:08:39+00:00,Responded
00v2T00002su1skoCF,0032T00002G0LSdYib,7012T00000ftDe5OHW,Adelle,Bedialauneta,findweekmyself@grizzly.com,2023-06-21 19:36:49+00:00,Responded
00v2T00002OYYf1j2Z,0032T000025j2FfBV6,7012T00000KXg4XgDO,Cora,Lepri,scampering@hairs.com,2023-04-08 19:09:54+00:00,Responded
00v2T00002E61I92Mf,0032T000023Q2TEQZ6,7012T00000ZIfHxmNk,Marrissa,Solabarrieta,poptapduck@hop.co.uk,2023-05-14 05:30:17+00:00,Responded
00v2T00002ofwB2iHA,0032T00002uAhznYBq,7012T00000ZIfHxmNk,Henningsen,Angelova,jesterjumped@sings.com,2023-05-31 17:23:52+00:00,Sent
00v2T0000297fLJSK7,0032T000021hgKiqCq,7012T00000KXg4XgDO,Katheryn,Heinerich,leadheaps@moving.com,2023-03-19 00:42:49+00:00,Responded
00v2T00002SLGq796j,0032T00002C93ycB4e,7012T00000ftDe5OHW,Tiphanie,Schneider,girlschowder@seas.com,2023-05-18 00:31:05+00:00,Responded
00v2T00002NE7dFDrt,0032T00002WnLzUpy9,7012T00000KXg4XgDO,Pohodun,Mahr,tune@frog.com,2023-03-19 19:03:21+00:00,Responded
00v2T00002eyLhbGvc,0032T00002hOxjugVr,7012T00000ftDe5OHW,Nathalie,Carita,heighpennsylvania@prow.com,2023-06-23 04:31:11+00:00,Responded
00v2T00002jnCtnWbS,0032T000026p08gwMU,7012T00000ZIfHxmNk,Schumans,Kranabitter,cassowary@magnet.com,2023-04-17 04:07:52+00:00,Responded
00v2T00002gxRqrdHl,0032T00002jLtu8S9S,7012T00000ZIfHxmNk,Plesca,Plesca,rescued@oceania.com,2023-05-19 15:57:18+00:00,Responded
00v2T00002ZZXwvxCh,0032T00002HIsive4k,7012T00000ftDe5OHW,Privado,Avdeichikov,placed@straight.gov,2023-06-28 21:28:51+00:00,Responded
00v2T000022lUtVQKV,0032T00002oJjHsAGA,7012T00000ftDe5OHW,Giana,Zaremba,sang@idle.com,2023-06-12 19:44:58+00:00,Responded
00v2T00002lWYfLajD,0032T00002v0C72HeY,7012T00000ZIfHxmNk,Rosetta,Eikers,palacespringingworking@slacks.com,2023-04-11 22:00:15+00:00,Responded
00v2T00002eCCLrLA9,0032T000022UGi4mYG,7012T00000KXg4XgDO,Silvana,Tupihin,mustfish@pinwheel.net,2023-04-10 18:49:12+00:00,Responded
00v2T00002Z7NWcqBj,0032T00002c4PHyO1l,7012T00000KXg4XgDO,Privado,Maiz,sinsoboerobot@fingernails.com,2023-04-11 17:17:31+00:00,Responded
00v2T0000248sikASC,0032T00002e1JCZRf2,7012T00000KXg4XgDO,Etta,Pietsuh,roared@road.net,2023-04-25 18:27:41+00:00,Responded
00v2T00002CdiCFNf6,0032T000027Jiu2ly5,7012T00000ZIfHxmNk,Charity,Couselo,anacondacastleunclouded@wait.com,2023-05-26 14:33:55+00:00,Responded
00v2T00002sisNBMkQ,0032T00002G2UdNkkT,7012T00000KXg4XgDO,Seana,Voos,trick@insects.com,2023-04-25 12:07:00+00:00,Responded
00v2T00002XKHcT7fq,0032T000028FUEDtCu,7012T00000ZIfHxmNk,Rafaela,Godike,amongcoach@golf.com,2023-05-19 00:53:17+00:00,Responded
00v2T00002x0vE78WQ,0032T00002h4sh0vfS,7012T00000ZIfHxmNk,Adey,Bradach,eaglethrow@ooh.edu,2023-07-03 20:59:33+00:00,Responded
00v2T00002qnbi1SNr,0032T00002JXjoJSx9,7012T00000ftDe5OHW,Cherri,Tzeizik,blundercarnotaurus@knew.com,2023-06-15 12:29:39+00:00,Responded
00v2T00002Ro3lqGCX,0032T00002d0uoXnFU,7012T00000ZIfHxmNk,Poejo,Ortea,porcupine@eagles.com,2023-05-21 01:12:27+00:00,Responded
00v2T000028irGNRx8,0032T00002lAgqZrjX,7012T00000KXg4XgDO,Tory,Hahnchen,completelyfoo@emperor.gov,2023-05-14 03:15:44+00:00,Responded
00v2T00002QSCrXVOv,0032T00002POmAQJT7,7012T00000KXg4XgDO,Layne,Dardyk,milespeopleslightest@walkingstick.com,2023-04-10 13:22:32+00:00,Responded
00v2T00002dzb4BIKU,0032T00002ckcMYJi8,7012T00000KXg4XgDO,Georgena,Kimpfbeck,heedbetauld@perritos.edu,2023-04-27 15:02:19+00:00,Responded
00v2T000026zrfZymT,0032T00002zuBE0trJ,7012T00000ftDe5OHW,Rubie,Bertsch,kmowery@turnberry.com,2023-06-05 16:26:55+00:00,Responded
00v2T00002LiHucRtI,0032T00002Ytkeq9Nw,7012T00000ftDe5OHW,Dominique,Waser,yourselasmosaurus@boys.edu,2023-06-13 02:29:15+00:00,Responded
00v2T00002Jez9iVoK,0032T00002xTvqJ3zZ,7012T00000KXg4XgDO,Hiu,Marchetti,goingroared@viceroy.com,2023-03-18 19:00:29+00:00,Responded
00v2T00002HdKYL7qL,0032T00002F0HoCl9w,7012T00000ZIfHxmNk,Ruiz Valdepeñas,Feitor,pleaseddolphinsdixie@equator.com,2023-05-17 00:37:30+00:00,Responded
00v2T00002xT3aoW0r,0032T00002Sej4LhM0,7012T00000ftDe5OHW,Yiyi,Saxen,yon@onto.com,2023-07-03 22:54:13+00:00,Responded
00v2T00002KQmTzE9j,0032T00002AV8JIjJ9,7012T00000KXg4XgDO,Ddene,Lebrero,woodenbite@tapir.com,2023-04-17 12:27:56+00:00,Responded
00v2T00002ux9jla34,0032T00002XSi0dJbO,7012T00000KXg4XgDO,Shahbazov,Egidi,warthog@washington.com,2023-04-04 22:45:29+00:00,Responded
00v2T00002qOyWhrj4,0032T00002wNs6VTxL,7012T00000ftDe5OHW,Thomasina,Favreau,names@carton.edu,2023-07-06 18:36:47+00:00,Responded
00v2T000027sYRSPnw,0032T000020RLce29Z,7012T00000ftDe5OHW,Bettine,Beukelmann,jump@dixie.com,2023-06-19 20:40:30+00:00,Responded
00v2T00002ckBsoiB5,0032T00002QgJHhyx8,7012T00000ftDe5OHW,Sartori,Arbol,orient@soaked.edu,2023-06-20 19:15:15+00:00,Responded
00v2T00002Gxo6YD8S,0032T00002J6xUGn45,7012T00000ZIfHxmNk,Catlee,Auteneche,tent@penguin.com,2023-05-17 21:20:48+00:00,Responded
00v2T00002v2NffU1D,0032T00002sn8tJEyn,7012T00000ftDe5OHW,Allonca,Moshenkov,valentinehamburgercarriage@toothpaste.org,2023-06-15 18:46:42+00:00,Responded
00v2T00002tvqbDA4H,0032T000021AA8uSRY,7012T00000ftDe5OHW,Janifer,Noukens,comegrand@dodo.com,2023-06-17 18:34:07+00:00,Responded
00v2T00002nZWBF2lC,0032T00002cqNttl6c,7012T00000ZIfHxmNk,Fayina,Marahrens,asklake@xylophone.edu,2023-05-13 04:37:48+00:00,Responded
00v2T00002AT4si6H3,0032T00002wCbXx8lE,7012T00000ZIfHxmNk,Opgenhoff,Berea,utahraptor@see.com,2023-05-19 19:34:52+00:00,Responded
00v2T00002MULM4yKE,0032T000028wTRUPQF,7012T00000ftDe5OHW,Antonietta,Bernardt,s@emblem.org,2023-06-13 23:31:07+00:00,Responded
00v2T00002ff3u4dDb,0032T000029NcguFiY,7012T00000KXg4XgDO,Bill,Landeire,meetsunthink@walked.net,2023-04-24 17:02:07+00:00,Responded
00v2T00002Db3TS8kQ,0032T00002cMYqpx1m,7012T00000ZIfHxmNk,Etta,Rahaoui,kentrosaurus@in.com,2023-05-15 15:04:07+00:00,Responded
00v2T00002aPZgYdgv,0032T00002x2Z5Bvmq,7012T00000KXg4XgDO,Kanza,Oddie,wireseventhcapybara@ducks.edu,2023-03-16 07:00:44+00:00,Responded
00v2T00002kRVTAdnl,0032T00002Exc5Btob,7012T00000KXg4XgDO,Gayle,Naagesh,critters@pointer.co.uk,2023-04-20 00:48:14+00:00,Responded
00v2T000021VM1iotC,0032T00002nQFxZJAa,7012T00000ZIfHxmNk,Aarika,Pranto,tookblaring@waves.org,2023-05-24 15:46:34+00:00,Responded
00v2T00002iAaOPQ4e,0032T00002KoQJEGEq,7012T00000KXg4XgDO,Dasi,Compañ,newmarblesneed@cabbage.com,2023-04-09 16:15:58+00:00,Responded
00v2T00002RUkQF8D6,0032T000029XCwf90U,7012T00000ZIfHxmNk,Vallie,Garnschroder,note@equator.edu,2023-05-17 00:32:30+00:00,Responded
00v2T00002B6dAF8nA,0032T00002zJAqo8TQ,7012T00000ZIfHxmNk,Binny,Bohle,joe@burning.gov,2023-06-14 01:31:51+00:00,Responded
00v2T00002yXR1EMzW,0032T00002rGWJx23s,7012T00000ftDe5OHW,Privado,Davidovitch,looksheavenly@mistakes.com,2023-06-26 20:17:24+00:00,Responded
00v2T00002FY9pmCW6,0032T00002Sty7KXqC,7012T00000ftDe5OHW,Angelika,Naiz,patriotic@plesiosaur.co.uk,2023-06-22 05:35:44+00:00,Responded
00v2T00002l62Pb1Em,0032T00002JD3CGgKL,7012T00000ZIfHxmNk,Michelina,Sagdo,stoletrash@march.com,2023-05-13 04:38:00+00:00,Responded
00v2T00002j0KFfJju,0032T00002TsIB1nEV,7012T00000ZIfHxmNk,Kandace,Shaidarov,plastered@mom.com,2023-05-24 07:16:26+00:00,Responded
00v2T00002bG6RjXuU,0032T00002wpUpy6Pq,7012T00000ZIfHxmNk,Enriquez,Patau,wanted@camper.com,2023-04-25 23:29:12+00:00,Responded
00v2T00002qWpttxuu,0032T00002GF6IGllk,7012T00000KXg4XgDO,Givica,Errazti,echoeddriven@bassoon.com,2023-03-21 03:16:49+00:00,Responded
00v2T00002zSFml7Wg,0032T00002a0vWtCbh,7012T00000ZIfHxmNk,Jeniffer,Bazovski,chatteredtennessee@giving.com,2023-05-23 17:14:32+00:00,Responded
00v2T00002bHVUEwiD,0032T00002mAKdDHX6,7012T00000ftDe5OHW,Rodham,Mooney,eat@blessings.com,2023-07-08 16:09:03+00:00,Responded
00v2T00002SXgnLZCd,0032T00002D5c1LWOs,7012T00000KXg4XgDO,Fredra,Hanss,south@heel.com,2023-03-29 14:29:54+00:00,Responded
00v2T00002SwkjVmJd,0032T00002gMpcSb7F,7012T00000ftDe5OHW,Arlena,Salesa,go@forced.com,2023-06-22 02:19:51+00:00,Responded
00v2T00002tPxG33gd,0032T00002MPEh8KOH,7012T00000ZIfHxmNk,Bunnie,Creutziger,action@its.edu,2023-06-27 16:28:17+00:00,Responded
00v2T00002YjpBzvrp,0032T00002MeqmHcMG,7012T00000ftDe5OHW,Piper,Gozalvez,oysterorigamipostman@eagle.com,2023-06-15 16:01:51+00:00,Responded
00v2T00002hwM2lsOB,0032T00002pgZyeaBN,7012T00000KXg4XgDO,Rosemaria,Esquide,fathersomethingpinecone@pluto.gov,2023-04-27 15:23:54+00:00,Responded
00v2T00002exi33Zfc,0032T00002dOrxyl6H,7012T00000ftDe5OHW,Cherri,Wentorp,spyyolk@light.org,2023-06-30 04:38:46+00:00,Responded
00v2T00002t3Re8n1Z,0032T00002PczyHmH6,7012T00000ZIfHxmNk,Corabel,Hoda,broombuildascends@alamosaurus.com,2023-05-12 17:29:51+00:00,Responded
00v2T00002U56TWO6Y,0032T00002ozzHyak2,7012T00000ZIfHxmNk,Corri,Heinerich,sweetlydeadshocking@doberman.com,2023-05-13 04:37:55+00:00,Responded
00v2T00002FeYDNwcO,0032T00002F6ZTPx1F,7012T00000KXg4XgDO,Antonietta,Elola,arky@angelfish.co.uk,2023-04-13 14:27:45+00:00,Responded
00v2T00002o4ORk1l9,0032T00002KyZ3PSnR,7012T00000ftDe5OHW,Enriquez,Weissrock,buttercupseyes@shady.com,2023-06-13 02:31:19+00:00,Responded
00v2T00002YxENvVFZ,0032T00002eWmJe7hb,7012T00000ZIfHxmNk,Catherina,Nyago,freezergiraffecakes@pray.edu,2023-05-19 05:13:17+00:00,Responded
00v2T0000289yquifS,0032T00002uBrGWduz,7012T00000KXg4XgDO,Aurelie,Kalestra,mousepekingese@shepherds.com,2023-04-19 22:30:48+00:00,Responded
00v2T00002fVCTYR93,0032T00002EKUsQoem,7012T00000ZIfHxmNk,Richards,Calvelo,bridge@mustang.gov,2023-05-23 01:18:38+00:00,Responded
00v2T000029rfFqU6b,0032T000023Vwsembl,7012T00000ftDe5OHW,Rosemarie,Hassenplug,learninggypsiesburning@depths.com,2023-06-21 11:35:18+00:00,Responded
00v2T000022kP3RRPS,0032T00002HHMHFkbx,7012T00000ftDe5OHW,Bari,Keegan,jason.polizzi@finra.com,2023-06-21 15:02:09+00:00,Responded
00v2T00002Ph6t9Ybk,0032T000021xUVdvoI,7012T00000ftDe5OHW,Valina,Eyndt,inventorchances@valk.gov,2023-06-15 18:58:11+00:00,Responded
00v2T00002Dba6hbcM,0032T00002Io9B3xp0,7012T00000ftDe5OHW,Paulie,De Mier,four@note.com,2023-06-09 03:13:40+00:00,Responded
00v2T00002Qmk1btMI,0032T00002oTMNiNgE,7012T00000ftDe5OHW,Marmazov,Schoenen,tire@gatitos.gov,2023-06-28 04:49:29+00:00,Responded
00v2T00002X2hL5qLB,0032T00002y7dxR6qF,7012T00000KXg4XgDO,Trixie,Glaisner,key@protoceratops.net,2023-04-06 12:46:42+00:00,Responded
00v2T00002EvL12fUw,0032T00002daM0yVbD,7012T00000ftDe5OHW,Xenia,Woltmade,viceroygroundhog@everybody.com,2023-06-14 12:34:36+00:00,Responded
00v2T000025wMdlF7V,0032T00002AVz8ZYKn,7012T00000ZIfHxmNk,Valerye,Elez,knewhallee@newt.com,2023-05-20 22:38:45+00:00,Responded
00v2T00002nZ2DVQ44,0032T0000265xWKtrJ,7012T00000KXg4XgDO,Barb,Darjaev,driven@peck.com,2023-04-02 08:38:45+00:00,Responded
00v2T00002M2tUOKtv,0032T00002AQWbsphj,7012T00000ZIfHxmNk,Tamra,Paterson,dolphin@heaving.gov,2023-05-15 02:40:38+00:00,Responded
00v2T00002dInBSTYK,0032T00002slOCCH8Q,7012T00000ZIfHxmNk,Bella,Faurie,john@person.com,2023-05-17 21:07:32+00:00,Responded
00v2T000025VZeKJUa,0032T00002eglwzSIK,7012T00000KXg4XgDO,Janice,Welsch,ultrasaurosmosquitopointer@feeling.com,2023-03-21 18:20:21+00:00,Responded
00v2T00002JGiGHmN8,0032T00002v0C72HeY,7012T00000KXg4XgDO,Rosetta,Eikers,palacespringingworking@slacks.com,2023-04-11 19:51:33+00:00,Responded
00v2T00002A7quvEfF,0032T00002Yzyy8PVG,7012T00000KXg4XgDO,Jaquelyn,Benneker,play@quarter.com,2023-04-06 00:51:28+00:00,Responded
00v2T00002rv7BOlBG,0032T00002N4RBMbt4,7012T00000ftDe5OHW,Noreen,Gallego Sacristana,fye@donkey.com,2023-06-16 18:19:46+00:00,Responded
00v2T00002zi2CB70N,0032T00002eyDvWtM4,7012T00000ZIfHxmNk,Valery,Schapers,molarantarctica@kitchen.com,2023-05-18 23:00:21+00:00,Responded
00v2T00002tUVSr6lp,0032T00002IsPS3M0z,7012T00000ftDe5OHW,Farand,Meyerrose,storebyspaghetti@salamander.com,2023-07-01 17:34:06+00:00,Responded
00v2T00002noSBhhAv,0032T00002SpI99gZl,7012T00000ftDe5OHW,Dasi,Sandipa,roomparrotsimon@twist.co.uk,2023-06-08 02:30:27+00:00,Responded
00v2T00002zsLEEA5T,0032T00002rrswXNti,7012T00000ftDe5OHW,Anett,Louis,tryingweepcroak@emu.com,2023-06-26 10:13:27+00:00,Responded
00v2T00002gecRIoPw,0032T00002rKKF3EHP,7012T00000ZIfHxmNk,Sandra,Redepenning,driver@next.net,2023-05-17 20:48:47+00:00,Responded
00v2T00002XIMPJFmZ,0032T00002zep87KnU,7012T00000ftDe5OHW,Daniella,De Las Heras,bowbreeze@freezer.com,2023-06-27 16:20:05+00:00,Responded
00v2T00002f8b1IxY9,0032T00002c4MJzGgA,7012T00000ZIfHxmNk,Lizabeth,Melles,getscrouchesxiaosaurus@parallelogram.com,2023-05-12 04:59:14+00:00,Responded
00v2T00002PXiNH6fD,0032T00002GDYdURau,7012T00000ZIfHxmNk,Camel,Akkouh,boxes@hollers.com,2023-05-18 00:17:51+00:00,Responded
00v2T00002sDKedIED,0032T00002hIb68xQI,7012T00000KXg4XgDO,Henningsen,Ieregui,eli@measure.com,2023-04-11 23:24:32+00:00,Responded
00v2T00002ZghQ7TCX,0032T00002Sfu8VktK,7012T00000ftDe5OHW,Georgina,Schmetzle,de@endless.gov,2023-06-15 12:53:52+00:00,Responded
00v2T00002SiKF7ZFA,0032T00002TcXvYmxn,7012T00000KXg4XgDO,Galcera,Vanitchev,boundpolliwog@brand.com,2023-03-19 06:11:13+00:00,Responded
00v2T00002UTrvBVGy,0032T00002wNEZo83i,7012T00000ftDe5OHW,Catherine,Horalya,sun@though.com,2023-07-05 19:54:52+00:00,Responded
00v2T00002AXEdRApd,0032T00002uZ3OrZdY,7012T00000ZIfHxmNk,Privado,Carita,across@zebra.com,2023-05-13 19:34:54+00:00,Responded
00v2T00002qjWJTxKe,0032T00002mlU9xLiF,7012T00000ftDe5OHW,Giulietta,Lanzat,brontosaurusseat@alive.com,2023-06-01 01:02:42+00:00,Responded
00v2T00002DGoek4Yp,0032T00002guAd1l27,7012T00000ftDe5OHW,Hubbers,Urrizola,bunnyusraining@president.gov,2023-07-07 18:16:22+00:00,Responded
00v2T00002fHOjtmhT,0032T00002s4qSPgUF,7012T00000ftDe5OHW,Hilde,Bano,chesthawkinstuna@back.com,2023-06-27 02:26:49+00:00,Responded
00v2T00002pXNseVFQ,0032T00002G6gSA1tw,7012T00000ZIfHxmNk,Meris,Burdalo,examjoey@sometimes.org,2023-05-12 00:38:51+00:00,Responded
00v2T00002lSDZKQVW,0032T00002UHIDl0jR,7012T00000KXg4XgDO,Fredra,Sanjna,pencil@there.co.uk,2023-03-30 22:51:18+00:00,Responded
00v2T000020F22fcNj,0032T00002rUuCvDYD,7012T00000KXg4XgDO,Camel,Hofstadt,beads@jester.edu,2023-04-27 22:08:08+00:00,Responded
00v2T00002GUcAU3ye,0032T00002YYtwj34l,7012T00000ftDe5OHW,Abbi,Schimmelfennig,monthpumpkinsnote@fingers.edu,2023-06-28 13:45:34+00:00,Responded
00v2T000022YM18EfN,0032T000029qj1sjNP,7012T00000KXg4XgDO,Rona,Kandisky,tomseven@before.com,2023-04-28 13:25:33+00:00,Responded
00v2T00002r3DFyC8O,0032T000028EJmXIdn,7012T00000ZIfHxmNk,Bibbye,Nuckles,jaguarwindowiowa@marching.com,2023-05-28 20:21:29+00:00,Responded
00v2T00002OCgMlEWr,0032T00002ZWpU90OX,7012T00000KXg4XgDO,Celestyna,Nelli,waddles@bill.com,2023-04-15 18:13:45+00:00,Responded
00v2T00002AAa8O2xc,0032T00002iWEfgnIy,7012T00000ZIfHxmNk,Georgeanne,Bagryansky,cabbage@who.com,2023-05-23 19:04:55+00:00,Responded
00v2T00002IoTALg1T,0032T00002DSdZjRoA,7012T00000KXg4XgDO,Mable,Fuenfziger,backpackcallingpeal@origami.org,2023-04-05 17:39:15+00:00,Responded
00v2T00002HOm2tuC4,0032T00002X28PmwKq,7012T00000KXg4XgDO,Gwendolyn,Capilla,partridgeclatters@raise.edu,2023-04-13 16:38:34+00:00,Responded
00v2T00002SNQ0HP86,0032T00002HKyY1mOG,7012T00000ftDe5OHW,Hilde,Silveira,dazzling@settled.com,2023-06-24 13:42:44+00:00,Responded
00v2T00002kChCrBSY,0032T00002bPi1nmDe,7012T00000ftDe5OHW,Barbara-Anne,Meisel,gleamingwherepaints@ice.com,2023-06-30 15:34:41+00:00,Responded
00v2T00002gHBreBsC,0032T000022rNEWXIe,7012T00000ftDe5OHW,Kalli,Sevila,palmsblossompteranodon@jaybird.com,2023-06-25 03:01:14+00:00,Responded
00v2T00002oreLuUsn,0032T00002GViB50HO,7012T00000KXg4XgDO,Kristyn,Schloesser,rockalthough@bucks.org,2023-05-02 17:28:32+00:00,Responded
00v2T00002FmkI8Du5,0032T00002fuGmAVtI,7012T00000ZIfHxmNk,Lianne,Forstner,trilobite@golden.org,2023-05-30 17:26:00+00:00,Responded
00v2T00002ReSfPyYl,0032T000020wsE3FVa,7012T00000ftDe5OHW,Ailey,Bangerdt,mario.zamora@pfgc.con,2023-06-21 13:10:29+00:00,Responded
00v2T00002Et7xB7ZB,0032T00002CAvllSD9,7012T00000ftDe5OHW,Merralee,Ahidar,listenfreezerup@neck.gov,2023-06-13 05:07:58+00:00,Responded
00v2T00002fOsotBH1,0032T0000234KGdDqY,7012T00000ftDe5OHW,Zia,Estopa,plantsrottweiler@puzzled.com,2023-06-22 18:10:18+00:00,Responded
00v2T00002CWY0EthK,0032T00002KoeuK1rB,7012T00000ftDe5OHW,Ynes,Tiedemann,bootsseemed@pedigree.com,2023-06-20 17:53:14+00:00,Responded
00v2T00002M33iSHDc,0032T00002zZIaMEuQ,7012T00000ftDe5OHW,Trina,Haeberle,therein@slapped.org,2023-06-20 23:33:25+00:00,Responded
00v2T00002GDyVIoKJ,0032T00002jN45Ix2I,7012T00000ftDe5OHW,Privado,Duce,neptunelovesdivision@wallet.com,2023-06-20 00:30:47+00:00,Responded
00v2T00002EgKgGumc,0032T00002pm45MGnw,7012T00000ftDe5OHW,Nelia,Loppentien,dachshund@meadowlark.com,2023-07-09 14:12:33+00:00,Responded
00v2T00002VaoiFa3W,0032T00002YtGxQI6j,7012T00000ftDe5OHW,Berry,Salar,knitting@her.edu,2023-06-26 19:09:42+00:00,Responded
00v2T00002w5b5LmZc,0032T00002TjS2izFF,7012T00000ftDe5OHW,Givica,Heep,saved@larva.gov,2023-07-01 14:06:10+00:00,Responded
00v2T000027xPixnhj,0032T00002LfMDxDAB,7012T00000KXg4XgDO,Gañete,Ortube,matinestrickplaced@boats.gov,2023-04-19 14:22:57+00:00,Responded
00v2T00002o1B0CAW5,0032T000026HPagq1n,7012T00000ftDe5OHW,Hahnchen,Langley,twinemesanotebook@agouti.com,2023-06-24 20:40:57+00:00,Responded
00v2T00002rKOjfHeK,0032T000025jDOxcxw,7012T00000ftDe5OHW,Antonietta,Gerson,weakqueentop@thanks.edu,2023-07-03 13:31:52+00:00,Responded
00v2T00002xZC3QrUU,0032T00002kfMYWvep,7012T00000ZIfHxmNk,Sylvia,Flinspach,weaselbabiesverk@iguanodon.co.uk,2023-07-06 01:28:38+00:00,Responded
00v2T00002SFzLJ0ZA,0032T00002FZo8ZOC7,7012T00000ftDe5OHW,Dareen,Golde,blouse@kangaroo.org,2023-07-02 17:31:19+00:00,Responded
00v2T00002XcA5kvpG,0032T00002EbHG9gGH,7012T00000ftDe5OHW,Shara,Holtmanns,pluto@heigh.com,2023-06-22 14:24:43+00:00,Responded
00v2T000020NBCxjHg,0032T00002FhtJuQHl,7012T00000KXg4XgDO,Kaja,Lutche,noodleswere@completely.com,2023-05-18 15:41:35+00:00,Responded
00v2T00002agdWTddg,0032T00002QY4CayAS,7012T00000ftDe5OHW,Kristal,Ketelhut,tear@wyoming.co.uk,2023-06-14 02:53:51+00:00,Responded
00v2T00002SJsrU8s7,0032T00002b9TThLKG,7012T00000ftDe5OHW,Privado,Assafroo,meantcamouflage@eel.com,2023-06-09 02:28:37+00:00,Responded
00v2T00002Y9y3lZTY,0032T00002PlSaudES,7012T00000ftDe5OHW,Isis,Viadel,witchesemblemwasher@silently.com,2023-06-13 05:07:52+00:00,Responded
00v2T00002UeAE5v0m,0032T00002TXS9TolW,7012T00000KXg4XgDO,Schmetzle,Ferreros,batterjoy@swing.org,2023-05-16 15:36:40+00:00,Responded
00v2T00002NDA7gFQE,0032T00002F6ZTPx1F,7012T00000ZIfHxmNk,Antonietta,Elola,arky@angelfish.co.uk,2023-04-13 15:27:46+00:00,Responded
00v2T00002JM8Uq9Dj,0032T00002NalgZJKP,7012T00000ZIfHxmNk,Arlena,Larramona,armadillodip@astronaut.com,2023-05-16 00:27:55+00:00,Responded
00v2T000023tJ9Bgxu,0032T00002ulr03YXJ,7012T00000ZIfHxmNk,Susanetta,Welter,stood@beauty.edu,2023-05-17 20:53:23+00:00,Responded
00v2T000021nNWMA3C,0032T000029G8lB5YJ,7012T00000KXg4XgDO,Renard,Wierz,thing@roses.co.uk,2023-03-30 11:35:15+00:00,Responded
00v2T00002lA9hHNJx,0032T00002jqCqLheZ,7012T00000ZIfHxmNk,Layne,Rocafull,yakup@gal.co.uk,2023-05-13 04:36:06+00:00,Responded
00v2T00002Plt580A1,0032T00002KiXDDhZb,7012T00000ZIfHxmNk,Phelia,Train,wondering@batter.com,2023-05-16 01:05:11+00:00,Responded
00v2T00002V1GxTjhu,0032T00002fWQKoXKl,7012T00000KXg4XgDO,Brittany,Santolaya,gatheringtreated@award.com,2023-03-17 01:34:10+00:00,Responded
00v2T00002De7H2n7l,0032T00002XJCwPmy7,7012T00000KXg4XgDO,Ynes,Cochon,dressed@niece.edu,2023-04-05 19:30:15+00:00,Responded
00v2T00002XOzxoxBF,0032T00002Z2vYv7gt,7012T00000ftDe5OHW,Rita,Atyushov,past@weary.com,2023-07-06 18:06:49+00:00,Responded
00v2T00002nS8h8lBR,0032T00002DmanvqT3,7012T00000ftDe5OHW,Ingrid,Nyago,beginsbumblebee@died.com,2023-06-09 01:26:59+00:00,Responded
00v2T00002EQrPeyGE,0032T000026F2RezmY,7012T00000ftDe5OHW,Loraine,Sacramento,muchhedges@quadrilateral.net,2023-06-23 20:53:11+00:00,Responded
00v2T000026oqR2Q6W,0032T00002vxFiZ2rH,7012T00000ftDe5OHW,Aurelie,Perschl,reflectedcreationpumpkins@madaline.gov,2023-06-12 20:00:02+00:00,Responded
00v2T00002MpnOtYW6,0032T000026aiGaWl6,7012T00000ZIfHxmNk,Richards,Fontane,colorhairants@driven.gov,2023-06-15 05:09:24+00:00,Responded
00v2T00002pOWuapwl,0032T0000211JAd5rG,7012T00000KXg4XgDO,Drusi,Schuth,cloudstenthpronghorn@air.org,2023-05-02 13:38:59+00:00,Responded
00v2T00002y0qefvst,0032T00002DwEZbzbp,7012T00000KXg4XgDO,Meyfarth,"D. Cooper, Esq.",shoestendermeteoroid@polygon.edu,2023-03-25 21:18:19+00:00,Responded
00v2T00002h1VAVqDX,0032T00002A91f6lWt,7012T00000ftDe5OHW,Kirstin,Queiruga,truemorncost@hop.net,2023-06-03 02:01:09+00:00,Responded
00v2T00002All7jju8,0032T00002EtPeUrci,7012T00000ftDe5OHW,Winni,Seyl,intestinesstopped@rather.edu,2023-06-27 20:28:11+00:00,Responded
00v2T000024HRL1Eq5,0032T00002TcXvYmxn,7012T00000ZIfHxmNk,Galcera,Vanitchev,boundpolliwog@brand.com,2023-03-19 07:45:50+00:00,Responded
00v2T00002ZLKQdd7M,0032T00002utg3gBa6,7012T00000ftDe5OHW,Malfaz,Pecherkin,lyricstornado@babies.com,2023-07-05 16:34:17+00:00,Responded
00v2T00002sEmprMyy,0032T00002XEEx2qy5,7012T00000KXg4XgDO,moon meets,Soilan,junco@cribs.com,2023-04-10 13:07:08+00:00,Responded
00v2T00002EL7LWaik,0032T00002hk6UTvPi,7012T00000ZIfHxmNk,Sissy,Levitz,tickreflected@nest.net,2023-05-17 05:15:16+00:00,Responded
00v2T00002qlarc868,0032T00002svqsxa3r,7012T00000ZIfHxmNk,Jocelin,Llavina,favorite@clear.edu,2023-07-04 08:12:16+00:00,Responded
00v2T00002XotPXPEo,0032T00002gw2Y3mge,7012T00000ZIfHxmNk,Nikolia,Dritsas,splinterstoodshowing@cricket.com,2023-06-06 14:53:04+00:00,Responded
00v2T00002LXav39uO,0032T00002B82dwibZ,7012T00000ftDe5OHW,Ballerstedt,Puglla,free@valley.com,2023-06-18 15:30:08+00:00,Responded
00v2T00002SdYvNv0W,0032T00002KokD7YD2,7012T00000ZIfHxmNk,Maura,Calavera,eraserkrillgrown@forever.net,2023-06-12 02:10:22+00:00,Responded
00v2T000027wLoCMOF,0032T00002YsBYRByP,7012T00000ZIfHxmNk,Kristal,Saceda,privilege@m.com,2023-05-16 09:22:18+00:00,Responded
00v2T00002zzrQIvZ2,0032T00002fDjMTMxZ,7012T00000KXg4XgDO,Kala,Endters,playinmoorsapphire@bit.com,2023-04-12 20:51:22+00:00,Responded
00v2T00002VIZr4RZl,0032T00002wVpK1m9u,7012T00000KXg4XgDO,Becki,Lutche,pebbletilcapybara@evil.com,2023-04-18 20:40:34+00:00,Responded
00v2T00002ItsxTZsz,0032T00002lkcfnkJd,7012T00000KXg4XgDO,Pearle,Pramsu,hedgehog@covering.com,2023-04-28 04:37:36+00:00,Responded
00v2T00002UHPp9NtF,0032T00002RFcpzRKs,7012T00000ftDe5OHW,Leeanne,Nyago,anthemsstoneecholocation@read.com,2023-06-16 05:32:22+00:00,Responded
00v2T00002MbQ2VdMX,0032T00002hsEA6Jvr,7012T00000ftDe5OHW,Kiele,Basozabal,ratiguana@dat.com,2023-06-25 20:50:09+00:00,Responded
00v2T00002UhmhTSuz,0032T00002qCfHrsCh,7012T00000ZIfHxmNk,Odessa,Tiegelkamp,loadedchildrengnat@fence.com,2023-05-13 04:37:58+00:00,Responded
00v2T00002Rds9rrGT,0032T00002onM1TFpV,7012T00000ZIfHxmNk,Jo Ann,Utermoehle,coverresemblance@swim.net,2023-05-17 00:21:10+00:00,Responded
00v2T00002aqTuXDZq,0032T00002GwMVwWgJ,7012T00000ZIfHxmNk,Rachele,Nolasco,pumpkin@wiggle.edu,2023-05-21 21:31:04+00:00,Responded
00v2T00002TQkv4aFN,0032T00002aEyXz9zU,7012T00000ftDe5OHW,Enriquez,Neydorff,peacockhoopinpoor@walking.net,2023-06-15 05:09:16+00:00,Responded
00v2T00002IixvG6pJ,0032T00002V3i2IBMy,7012T00000ftDe5OHW,Kevyn,Bal,placedverdictangels@doubt.edu,2023-07-05 15:57:46+00:00,Responded
00v2T00002X78iclsS,0032T00002Szm4EwZ8,7012T00000KXg4XgDO,Seivane,Zheng,completelytaste@bullfrog.com,2023-04-26 01:46:04+00:00,Responded
00v2T00002qZDoe1KK,0032T00002XGruR7Ol,7012T00000ZIfHxmNk,Lucilia,Husges,oceaniacount@bundle.co.uk,2023-05-14 04:12:17+00:00,Responded
00v2T00002ypGV5Pa0,0032T00002l3AVqYvX,7012T00000ftDe5OHW,Rodham,Avia,curiousthyacross@trap.com,2023-06-20 01:33:53+00:00,Responded
00v2T00002lD5RM3VB,0032T00002v4PvcE9w,7012T00000KXg4XgDO,Arlena,Alsasua,pickedbell@august.co.uk,2023-04-25 13:14:39+00:00,Responded
00v2T00002RGsjFUxJ,0032T00002VRLryXQZ,7012T00000KXg4XgDO,Katlin,Pohodun,pointskirlingeel@oropendola.com,2023-04-11 12:11:53+00:00,Responded
00v2T00002LNu5er7B,0032T00002Q1rEQLhv,7012T00000ZIfHxmNk,Kania,Baklanov,spanishtoosinking@sweetly.org,2023-06-06 20:50:36+00:00,Responded
00v2T00002U5euJgkR,0032T000024n85zvil,7012T00000KXg4XgDO,Wierz,Lamond,word@may.com,2023-04-06 00:30:57+00:00,Responded
00v2T00002us55yB6G,0032T00002jChLFPkf,7012T00000KXg4XgDO,Kiah,Rejano,cabbage@meteoroid.com,2023-04-18 17:12:39+00:00,Responded
00v2T00002bBxhnhqi,0032T00002XSooV7na,7012T00000ftDe5OHW,Astasio,Quellard,dartboardmany@dos.com,2023-07-05 22:45:49+00:00,Responded
00v2T00002WtYxlRvC,0032T000025Rpb6AC9,7012T00000ZIfHxmNk,Lorinda,Minyajetdinov,benchalaska@bake.com,2023-05-19 18:48:51+00:00,Responded
00v2T00002qWOllpqV,0032T00002Dw4BOiYJ,7012T00000ZIfHxmNk,Privado,Oliveirinha,talks@childhood.edu,2023-05-17 01:05:38+00:00,Responded
00v2T00002aFkx5vfd,0032T00002BMdtNiiT,7012T00000KXg4XgDO,Antonietta,Santibañes,luster@quaesitosaurus.net,2023-04-17 00:56:41+00:00,Responded
00v2T00002Daynj8sx,0032T00002m06lqqH6,7012T00000ftDe5OHW,Lavena,Pyrchenko,among@lend.com,2023-06-30 03:07:25+00:00,Responded
00v2T00002xbybxbv6,003f400000wqSh7AAE,7012T00000ftDe5OHW,Adara,Hairetdinov,heartymodest@robins.com,2023-06-13 05:07:54+00:00,Responded
00v2T00002af8EoQqB,0032T00002KJsAidEF,7012T00000ftDe5OHW,Fawn,Poppinghaus,readycountruns@tuckered.com,2023-07-06 06:03:36+00:00,Responded
00v2T00002BN4WBAJi,0032T00002Hd05p6g3,7012T00000ftDe5OHW,Meyfarth,Cedeño,hotfrommy@crawdads.edu,2023-06-28 17:30:55+00:00,Responded
00v2T00002XHcxATcV,0032T00002dwWXRzno,7012T00000ftDe5OHW,Ernestine,Tschirpke,bingoshining@chickens.com,2023-06-13 23:04:20+00:00,Responded
00v2T00002JoUFQlSv,0032T000021nTa1h3o,7012T00000KXg4XgDO,Nancie,Castromil,privilege@tire.com,2023-03-27 20:28:38+00:00,Responded
00v2T00002BBnr3wZn,0032T000026jZigtqA,7012T00000ZIfHxmNk,Angele,Nyago,by@warthog.com,2023-05-27 05:38:14+00:00,Responded
00v2T00002lANfu0R4,0032T00002vHB1zyIw,7012T00000KXg4XgDO,Gusti,Diringer,grottoeswabash@seen.com,2023-03-15 20:07:14+00:00,Responded
00v2T00002MJLwnulI,0032T00002YocOLGtb,7012T00000ZIfHxmNk,Galcera,Grigoraschuk,hollersswathing@albertosaurus.com,2023-05-16 17:45:33+00:00,Responded
00v2T00002OPbOCQsu,0032T00002IMvS8kdZ,7012T00000ZIfHxmNk,Camel,Rubenzik,october@hast.com,2023-07-10 02:02:35+00:00,Responded
00v2T00002GkvxNr5Z,0032T00002dctP2zAZ,7012T00000KXg4XgDO,Nari,Diaz De Guereñu,thingpaleontologyhannah@thigh.com,2023-03-17 01:42:48+00:00,Responded
00v2T00002luuiZZyz,0032T00002yOdYCzJT,7012T00000ZIfHxmNk,Viki,Monteiros,manducklingssuck@till.edu,2023-05-11 21:49:09+00:00,Responded
00v2T00002Qwt1fbhb,0032T00002cRmiOTqE,7012T00000KXg4XgDO,Bari,Vestias,her@from.co.uk,2023-03-23 23:17:06+00:00,Responded
00v2T00002B9yKb8bY,0032T00002WqvbnLzd,7012T00000ZIfHxmNk,Lorilyn,Malkorra,jesuscertain@resemblance.com,2023-05-13 21:36:52+00:00,Responded
00v2T00002Q5v0y1pt,0032T00002q3ckh5LO,7012T00000KXg4XgDO,Lorne,Wischeropp,swiss@send.net,2023-05-23 16:16:10+00:00,Responded
00v2T00002EEH9wA18,0032T000022rspwlvI,7012T00000ftDe5OHW,Willyt,Milton,kackledon@ascends.edu,2023-06-08 02:30:52+00:00,Responded
00v2T00002ZyKB5bHL,0032T00002IepT70mK,7012T00000KXg4XgDO,Atlanta,Zaiter,know@merry.com,2023-04-21 00:25:54+00:00,Responded
00v2T00002sllsD0hc,0032T00002NGP6ntYh,7012T00000ftDe5OHW,Carlynne,Walter,silvery@downward.com,2023-07-02 16:05:51+00:00,Responded
00v2T00002myxVakPo,0032T00002j56cFS37,7012T00000ftDe5OHW,Baratech,Seivane,stubbed@shall.com,2023-06-18 08:03:59+00:00,Responded
00v2T00002RpZ37lFN,0032T00002V7RMejUo,7012T00000KXg4XgDO,Dasi,Holzwardt,desk@mitosis.edu,2023-05-13 04:41:08+00:00,Responded
00v2T000024aOwvzYI,0032T000028hb1KLnh,7012T00000ZIfHxmNk,Warth,Bollag,fellowbarca@roadrunner.edu,2023-05-12 01:03:15+00:00,Responded
00v2T00002YLlQga4d,0032T00002SMIR0h2K,7012T00000ftDe5OHW,Leena,Mittensteiner,skeletonoodlethe@morning.com,2023-06-24 02:37:46+00:00,Responded
00v2T000021YB72Uxk,0032T00002ozKHK8rq,7012T00000ftDe5OHW,Robinia,Patin,laughed@jaguar.net,2023-06-21 02:07:30+00:00,Responded
00v2T00002VLCRPCwU,0032T00002Bj8xBDLZ,7012T00000ftDe5OHW,Ciel,Layana,extending@waited.co.uk,2023-06-26 02:47:00+00:00,Responded
00v2T000022u1Kgy7C,0032T00002i84fB6mi,7012T00000KXg4XgDO,Guillema,Kosztelnik,caretoenail@those.com,2023-04-21 18:33:30+00:00,Responded
00v2T00002bie4xx9o,0032T00002whmn2UAt,7012T00000KXg4XgDO,Tiphani,Bigas,laughgoat@manatee.com,2023-04-11 14:42:10+00:00,Responded
00v2T000026bxeeUxy,0032T000026Zer4Kqo,7012T00000ftDe5OHW,Opgenhoff,Baidavletov,creation@ashes.com,2023-06-15 21:13:34+00:00,Responded
00v2T00002KKE1HP5p,0032T00002q2HbcVz2,7012T00000ftDe5OHW,Lavena,Troya,easyworkpermit@is.com,2023-07-05 15:22:42+00:00,Responded
00v2T00002YIrbsH3X,0032T00002t5iwFGMP,7012T00000ZIfHxmNk,Merlina,Terribas,feettoledog@mind.com,2023-05-17 03:54:32+00:00,Responded
00v2T000021sFdQE6L,0032T00002Hrt2kIxj,7012T00000ZIfHxmNk,Veronica,Haeberle,mink@tanker.com,2023-05-19 01:49:16+00:00,Responded
00v2T00002vvkHlpqc,0032T000021RuKyhY2,7012T00000ftDe5OHW,Jackelyn,Ascoeta,edmontonia@showing.co.uk,2023-07-07 14:20:07+00:00,Responded
00v2T00002nLniod6u,0032T00002zuApSL83,7012T00000KXg4XgDO,Seivane,Armbrust,chickenvirginia@instead.com,2023-05-13 18:24:22+00:00,Responded
00v2T00002b339Xui9,0032T00002IEXvabhF,7012T00000ZIfHxmNk,Theodosia,Possmann,galpeeling@chill.edu,2023-05-15 23:49:12+00:00,Responded
00v2T000024BcrUTk2,0032T00002JIeESzom,7012T00000ftDe5OHW,Goetz,Sonderkamp,tasknene@pan.com,2023-07-06 15:22:46+00:00,Responded
00v2T00002Swdm53AC,0032T00002EzaWYbeA,7012T00000KXg4XgDO,Luise,Alcahut,thankasidecassowary@three.com,2023-04-21 12:42:50+00:00,Responded
00v2T00002O0oGTCMJ,0032T00002h3UCaf0W,7012T00000ftDe5OHW,Victoria,Heusmann,harp@case.com,2023-06-20 22:04:45+00:00,Responded
00v2T00002TewAKtS4,0032T000023uvfQaCb,7012T00000KXg4XgDO,Phelia,Ruzavin,pondswiftly@pointed.gov,2023-04-27 15:27:44+00:00,Responded
00v2T00002T2LdEE2k,0032T00002DbWClQKJ,7012T00000KXg4XgDO,Tawsha,Schaupeter,hero@grace.com,2023-03-30 03:44:24+00:00,Responded
00v2T00002fWFmAa6X,0032T00002Xt6A4ChL,7012T00000ZIfHxmNk,Gerry,Kallakuri,old@book.com,2023-05-12 03:24:49+00:00,Responded
00v2T00002fQEp9Qu4,0032T00002l43SWap9,7012T00000KXg4XgDO,Marni,Ochsner,back@tune.com,2023-04-13 01:12:58+00:00,Responded
00v2T00002pTNQEeHm,0032T00002jRuls7P0,7012T00000ZIfHxmNk,Sophi,Zavoli,peninsulabraceletgeorgia@bringing.co.uk,2023-05-22 02:04:33+00:00,Responded
00v2T00002HwUakaiR,0032T00002wVpK1m9u,7012T00000ZIfHxmNk,Becki,Lutche,pebbletilcapybara@evil.com,2023-04-18 21:30:39+00:00,Responded
00v2T00002AJ8olNpG,0032T00002Szm4EwZ8,7012T00000ZIfHxmNk,Seivane,Zheng,completelytaste@bullfrog.com,2023-04-26 02:51:47+00:00,Responded
00v2T00002EGme2ULG,0032T000020fiXuQ5b,7012T00000ZIfHxmNk,Theodosia,Astorquia,salt@nothing.gov,2023-05-14 12:44:09+00:00,Responded
00v2T00002DwwpO1Wk,0032T00002nhJNi7JP,7012T00000ftDe5OHW,Jessalin,Lejankov,pumadownward@sly.com,2023-06-15 05:09:19+00:00,Responded
00v2T00002ox6Q2fst,0032T00002avxbz8nZ,7012T00000KXg4XgDO,Katerine,Trapote,blackbirds@soft.gov,2023-03-28 21:33:34+00:00,Responded
00v2T00002PEsqs6CW,0032T00002HqtMme8G,7012T00000ftDe5OHW,Layne,Zavoli,pigeon@seated.co.uk,2023-06-30 23:51:25+00:00,Responded
00v2T000029IcWolNF,0032T0000222E52Y2y,7012T00000ftDe5OHW,Valina,Birut,pinkiedunkleosteus@graced.org,2023-06-21 14:33:45+00:00,Responded
00v2T00002RbNVHB9U,0032T00002etEvUu7X,7012T00000KXg4XgDO,Janaye,Brunnig,vocabulary@before.com,2023-04-21 01:50:33+00:00,Responded
00v2T00002EEZg2SVi,0032T00002vmzMSvbF,7012T00000ftDe5OHW,Bari,Ruzaev,warmorientshuts@sword.com,2023-06-25 22:54:28+00:00,Responded
00v2T00002yDtQOz64,0032T00002jROrFMny,7012T00000ZIfHxmNk,Minnnie,Fearns,bumblebeelaw@spider.gov,2023-05-15 01:40:26+00:00,Responded
00v2T00002LoA7jFEq,0032T000021xJhQ37E,7012T00000KXg4XgDO,Nelia,Bausela,donderbulldog@lemur.com,2023-05-03 20:17:37+00:00,Responded
00v2T00002HbtDnR67,0032T00002xe5dWZdS,7012T00000ftDe5OHW,Meghan,Bajinov,orioleshapedwhale@upward.co.uk,2023-06-17 16:43:07+00:00,Responded
00v2T00002nIaffK1W,0032T00002FGhsYle0,7012T00000ftDe5OHW,Issie,Mohlheinrich,reindeer@friends.com,2023-07-11 15:50:30+00:00,Responded
00v2T00002GdwT5Xl6,0032T00002Raf5giRE,7012T00000ftDe5OHW,Xylia,Alcoforado,shepherds@chicken.com,2023-06-16 01:58:57+00:00,Responded
00v2T000029n5C0BD5,0032T00002GGjOREP1,7012T00000ZIfHxmNk,Jo-Ann,Zanette,pugamericainfant@moans.gov,2023-03-30 02:00:05+00:00,Responded
00v2T00002BZWPUJB3,0032T000025tXN89us,7012T00000ZIfHxmNk,Karoly,Lauer,donemeteoroid@exam.net,2023-05-30 21:34:55+00:00,Responded
00v2T000023uT7Tujh,0032T00002BDF2BKqn,7012T00000ftDe5OHW,Carlynne,Koching,carton@blooming.com,2023-06-19 21:32:30+00:00,Responded
00v2T00002RcjFpgCq,0032T00002qEwH4mkN,7012T00000ftDe5OHW,Luise,Vejvoda,mangerthosemake@glove.com,2023-06-23 00:19:50+00:00,Responded
00v2T00002SXFeGo9n,0032T00002O29Ixk2h,7012T00000ftDe5OHW,Gilberte,Folli,soundlykentrosaurus@midsummer.net,2023-07-06 16:25:30+00:00,Responded
00v2T000029KFGo4Gq,0032T00002ZoNARiip,7012T00000ftDe5OHW,Teena,Carballido,hiding@month.com,2023-07-07 23:54:00+00:00,Responded
00v2T00002MGzQUqio,0032T000029ojyknrn,7012T00000ftDe5OHW,Jemlikhanov,Temprano,owls@unharmed.gov,2023-06-22 05:36:33+00:00,Responded
00v2T00002s7LfKAWh,0032T00002bjIe8C6h,7012T00000KXg4XgDO,Pohodun,Baukhage,telescope@dapple.co.uk,2023-04-24 14:11:41+00:00,Responded
00v2T000026sSEx0zt,0032T00002yI2ItAss,7012T00000KXg4XgDO,Ginevra,Espido,pangolin@arkansas.com,2023-05-03 18:59:21+00:00,Responded
00v2T00002algbOcKU,0032T00002aRKtRocp,7012T00000KXg4XgDO,Lavena,Tives,shinymonsterssoaked@creature.co.uk,2023-04-21 14:14:32+00:00,Responded
00v2T00002D1gpYlMT,0032T00002ajWFcNCD,7012T00000ftDe5OHW,Roxane,Leyssarrague,juncoboysfur@chicken.gov,2023-07-04 21:14:45+00:00,Responded
00v2T000024L6Ra8En,0032T00002TvvqwU9c,7012T00000ZIfHxmNk,Lauraine,Yakuba,heed@dos.com,2023-05-12 05:37:45+00:00,Responded
00v2T00002ZzsaPO60,0032T00002MOL1EVey,7012T00000ZIfHxmNk,Moroño,Betrian,chased@parson.edu,2023-05-18 00:08:42+00:00,Responded
00v2T00002i4JXuVt6,0032T000028VsIUsdo,7012T00000ftDe5OHW,Janifer,Hutchinson,chinghosts@truck.com,2023-06-08 14:34:40+00:00,Responded
00v2T00002VxkRxfLs,0032T00002ehQbvbDB,7012T00000KXg4XgDO,Sadie,Relucio,smokearepalace@victim.com,2023-03-17 10:17:38+00:00,Responded
00v2T00002IMwSpiHI,0032T00002oMUhYEo7,7012T00000KXg4XgDO,Bobine,Schudekopf,towntv@water.co.uk,2023-05-16 14:56:39+00:00,Responded
00v2T00002Y23FBjix,0032T00002YpeUqcVN,7012T00000ZIfHxmNk,Selinda,En'Kov,tend@instead.gov,2023-05-13 05:42:03+00:00,Responded
00v2T00002jbS95eyH,0032T00002q6CSmLbb,7012T00000KXg4XgDO,Zia,Heinerich,barnspringtime@stone.com,2023-05-02 01:17:36+00:00,Responded
00v2T00002WFmm2Iqu,0032T00002vvKhQrUt,7012T00000KXg4XgDO,Hilde,Ruloffs,whipped@gingerbread.com,2023-04-25 20:04:26+00:00,Responded
00v2T00002Nfe32BFf,0032T00002dRXKM92X,7012T00000KXg4XgDO,Astasio,Germano,clusteredscouts@near.edu,2023-04-03 18:36:21+00:00,Responded
00v2T00002vonzyhiN,0032T00002eWmJe7hb,7012T00000KXg4XgDO,Catherina,Nyago,freezergiraffecakes@pray.edu,2023-05-19 03:02:29+00:00,Responded
00v2T00002EnUqihBm,0032T00002RPsxGr1C,7012T00000KXg4XgDO,Lucila,Toichkin,kettlefollowedcaterpillar@ham.com,2023-03-30 15:45:24+00:00,Responded
00v2T00002F1WDZB3P,0032T00002GODhnFsO,7012T00000ftDe5OHW,Renard,Dilges,wing@spy.com,2023-06-12 01:17:04+00:00,Responded
00v2T00002DsA99oPO,0032T00002byVl7Tab,7012T00000ftDe5OHW,Cindy,Vargiu,germ@near.com,2023-07-06 21:05:33+00:00,Responded
00v2T00002H1YVQMvO,0032T000020wwbFdUh,7012T00000ftDe5OHW,Gavrila,Langarika,thanksgoblins@corn.com,2023-07-06 18:42:00+00:00,Responded
00v2T000022kVFPfya,0032T00002w96Q9MNM,7012T00000ftDe5OHW,Catherina,Zabarain,buy@dachshund.edu,2023-06-20 13:37:30+00:00,Responded
00v2T00002NQipOHay,0032T00002Eq5lqdit,7012T00000ZIfHxmNk,Janice,Kouao,casksdream@trash.com,2023-05-17 15:43:19+00:00,Responded
00v2T00002ByBoda28,0032T00002uBbtOdHY,7012T00000ftDe5OHW,Bobina,Ryjkovsky,churchyardshalllovely@lambeosaurus.com,2023-07-02 22:44:31+00:00,Responded
00v2T00002cuIj5OjT,0032T00002pIVYPwLC,7012T00000ftDe5OHW,Ted,Ustimenko,specialnamemany@drives.com,2023-07-05 16:45:41+00:00,Responded
00v2T00002TiZg2AcH,0032T00002DZ5yVTdC,7012T00000ftDe5OHW,Dory,Gavilanes,beautifulforest@shooting.gov,2023-06-24 23:07:46+00:00,Responded
00v2T00002F0meuBex,0032T00002OrycSmYd,7012T00000ZIfHxmNk,Rachele,Louçano,circus@dare.com,2023-06-22 15:48:12+00:00,Responded
00v2T00002uaTqZ3jS,0032T00002x9EySaEz,7012T00000ftDe5OHW,Meyfarth,Lucas Torres,duckprivilege@waddles.com,2023-07-05 18:26:31+00:00,Responded
00v2T00002LpMM1Bq4,0032T00002c8x06AwZ,7012T00000KXg4XgDO,Hamdorf,Grozhantsev,dollar@snares.co.uk,2023-05-06 03:33:39+00:00,Responded
00v2T00002WYXaBGmC,0032T00002pwO70aYs,7012T00000KXg4XgDO,Roxane,Dobreiro,gravemosaic@and.com,2023-05-02 15:14:06+00:00,Responded
00v2T00002HmfPSqNV,0032T0000211JAd5rG,7012T00000ZIfHxmNk,Drusi,Schuth,cloudstenthpronghorn@air.org,2023-05-02 15:00:53+00:00,Responded
00v2T00002hNQ4zAu2,0032T00002oYZYh25x,7012T00000KXg4XgDO,Scott M.,Corullon,unharmed@multiply.com,2023-04-26 11:53:06+00:00,Responded
00v2T00002sAciWClR,0032T00002Qee3i2cy,7012T00000ZIfHxmNk,Bari,Anselm,boneswarthog@lullaby.com,2023-05-15 11:24:15+00:00,Responded
00v2T00002mvUm2T0e,0032T00002mdLKQMRw,7012T00000ftDe5OHW,Cherri,Behnecke,hamwife@thin.com,2023-06-16 13:50:29+00:00,Responded
00v2T000025p321E2Z,0032T00002pvH5NZco,7012T00000KXg4XgDO,Cora,Zavoli,ashesbeach@milk.com,2023-03-25 01:24:54+00:00,Responded
00v2T00002TD7SV3es,0032T00002T6yy5BXQ,7012T00000KXg4XgDO,Essy,Luibl,eagle@ate.org,2023-04-18 20:24:37+00:00,Responded
00v2T000022TAueBp7,0032T000024fsW2kuR,7012T00000KXg4XgDO,Privado,Heimst,snakes@castle.com,2023-04-08 03:41:01+00:00,Responded
00v2T00002Q0VP2EjA,0032T000027Pigz5F1,7012T00000ZIfHxmNk,Lotti,Koseler,followedblackbirdsguess@stood.co.uk,2023-05-31 16:51:14+00:00,Responded
00v2T000028vXVnh06,0032T00002s2t78bO6,7012T00000KXg4XgDO,Gilly,Santacana,comevelociraptor@flute.co.uk,2023-04-26 17:06:50+00:00,Responded
00v2T00002SDuw3dnf,0032T00002kVGkjy6B,7012T00000ftDe5OHW,Garamendi,Linnebank,feeling@b.com,2023-07-03 15:13:39+00:00,Responded
00v2T00002jLL5ZOBF,0032T00002zoZmFgbo,7012T00000ZIfHxmNk,Nerissa,Berdasco,livedplantedbegins@dodecahedron.com,2023-06-07 13:38:03+00:00,Responded
00v2T00002iBqDgZhv,0032T000021ff7biTe,7012T00000ftDe5OHW,Cherri,Tiegelkamp,glowing@childhood.com,2023-07-01 01:08:25+00:00,Responded
00v2T000029wQPMP1t,0032T00002YPclHVs6,7012T00000ftDe5OHW,Emeline,Mairose,backstroke@darkness.com,2023-05-19 19:15:25+00:00,Responded
00v2T00002STKkb3P8,0032T00002Q7PaS9I5,7012T00000ftDe5OHW,Bari,Weberbauer,calledbank@origami.com,2023-06-12 17:29:43+00:00,Responded
00v2T00002HjhIgVwt,0032T00002pRp7LUv8,7012T00000KXg4XgDO,Catherine,Buraco,tastehomethumbs@acrocanthosaurus.com,2023-04-05 14:19:27+00:00,Responded
00v2T00002QO2L9Gdm,0032T00002UU0d7Z1f,7012T00000ZIfHxmNk,Allyn,Schwarze,flourishdazzlingcatch@fishies.com,2023-05-18 01:39:19+00:00,Responded
00v2T00002HcCptdeE,0032T00002gczjnEx5,7012T00000ZIfHxmNk,Phaidra,Shick,m@gentille.com,2023-05-15 04:28:44+00:00,Responded
00v2T00002Xx8XLOKN,0032T00002nnDfCke1,7012T00000ZIfHxmNk,Plesca,Falces,back@rush.com,2023-05-14 02:10:55+00:00,Responded
00v2T00002FLHSVp6k,0032T000024iDNMtzx,7012T00000KXg4XgDO,Ursulina,Engelmann,oldpeter@oropendola.co.uk,2023-03-27 16:30:23+00:00,Responded
00v2T00002k2aet5ie,0032T00002lHRA9T9D,7012T00000KXg4XgDO,Frank,Hairetdinov,goatzorillanimbly@freezer.com,2023-05-10 17:17:48+00:00,Responded
00v2T00002hWCGvfS6,0032T00002VfQVeXXR,7012T00000ftDe5OHW,Wenonah,Prendel,yourself@possum.com,2023-06-28 01:50:43+00:00,Responded
00v2T00002pVZp22h4,0032T00002FdL2BKel,7012T00000ZIfHxmNk,Cassondra,Tsigelnik,shadysightsvinegarroon@bulldog.co.uk,2023-05-23 04:40:55+00:00,Responded
00v2T00002GZidV6k7,0032T00002rxV0829N,7012T00000KXg4XgDO,Isis,Raghunathan,gooseducky@letter.net,2023-04-25 03:06:26+00:00,Responded
00v2T00002CYnoQUKO,0032T00002ZK232Nos,7012T00000ftDe5OHW,Xylia,Sales,town@ungulate.com,2023-06-22 01:42:03+00:00,Responded
00v2T00002Bnr18soJ,0032T00002rEXggiFU,7012T00000ftDe5OHW,Lanae,Haeberle,oakkeepstepped@killed.edu,2023-06-22 10:57:30+00:00,Responded
00v2T000023ikuuSKj,0032T00002wkiuLOxi,7012T00000ftDe5OHW,Meyfarth,Otilio,they@koala.org,2023-06-09 12:31:13+00:00,Responded
00v2T00002pesEINQw,0032T00002taTvH0ag,7012T00000ZIfHxmNk,Tiphanie,Beovi,coveringhot@used.org,2023-06-10 02:21:59+00:00,Responded
00v2T00002Q20dnv8s,0032T00002K99kNcFB,7012T00000ZIfHxmNk,Nessy,Raposo,anacondasmacaw@raining.com,2023-06-13 02:27:54+00:00,Responded
00v2T00002PVRRh3LC,0032T00002Sop6Cdmk,7012T00000ZIfHxmNk,Dasi,Louis,noonwrench@anthill.com,2023-05-31 02:16:10+00:00,Responded
00v2T00002TM0BQbmN,0032T00002uxXXDaJm,7012T00000ZIfHxmNk,Rona,Guisasola,eachslosh@florida.com,2023-06-23 20:41:51+00:00,Responded
00v2T00002dNV2OIjC,0032T00002ckcMYJi8,7012T00000ZIfHxmNk,Georgena,Kimpfbeck,heedbetauld@perritos.edu,2023-04-27 15:22:35+00:00,Responded
00v2T00002reDfa3KR,0032T00002Yy2uYqqu,7012T00000KXg4XgDO,Allison,Kulzhammer,buttersick@heads.edu,2023-04-19 00:44:55+00:00,Responded
00v2T000026ly61nds,0032T00002aNZ6xTZv,7012T00000ZIfHxmNk,Adelle,Hoewer,sidebee@limb.edu,2023-05-12 05:53:55+00:00,Responded
00v2T00002LMG6xdxv,0032T00002KHxY1Caw,7012T00000ZIfHxmNk,Ronny,Schumans,lemurgleaming@ruled.edu,2023-05-18 01:40:03+00:00,Responded
00v2T00002Bw3gzdk2,0032T000027LO4lfTx,7012T00000ftDe5OHW,Benedetta,Tresgallo,propellertwelfthknow@course.net,2023-06-20 18:22:43+00:00,Responded
00v2T00002hLXI6THb,0032T00002NpvREj7e,7012T00000KXg4XgDO,Pohodun,Romani,cape@sent.com,2023-04-15 12:27:53+00:00,Responded
00v2T00002ul3qad8q,0032T000022yjMZZeK,7012T00000KXg4XgDO,Marice,Disse,linnetpyramid@weak.edu,2023-04-20 16:28:46+00:00,Responded
00v2T00002H26rsM9n,0032T00002k2ILpcRN,7012T00000ftDe5OHW,Abbi,Noya,knowwalrus@swiss.net,2023-06-22 12:52:33+00:00,Responded
00v2T00002RbxdERwl,0032T00002k1DEtv8V,7012T00000KXg4XgDO,Crystal,Apinaniz,cooldugongspringing@lullaby.com,2023-03-23 22:08:36+00:00,Responded
00v2T00002Q5PG7i1w,0032T00002ZRucKdme,7012T00000KXg4XgDO,Rachele,Sanchez Pascuala,heckmedalcrack@pie.com,2023-05-05 04:31:30+00:00,Responded
00v2T00002wQygpzAB,0032T00002k3zxRWJl,7012T00000ZIfHxmNk,Nueba,Walkden,underneathnotebook@bed.com,2023-05-18 17:05:49+00:00,Responded
00v2T00002NoXE47o9,0032T00002S0yrYQbH,7012T00000ftDe5OHW,Meris,Vollstadt,pretending@tastes.com,2023-06-28 19:48:28+00:00,Responded
00v2T00002dfrmm4Ca,0032T00002CI1tzGEK,7012T00000KXg4XgDO,Elene,Hoogen,mexicogot@joe.com,2023-04-28 00:42:19+00:00,Responded
00v2T00002CEfwN6PC,0032T000026UvpGDOa,7012T00000ftDe5OHW,Astasio,Alamilla,femurbelieve@sung.com,2023-07-04 02:13:46+00:00,Responded
00v2T00002EQhFnfpx,0032T000022FnkOUuR,7012T00000ZIfHxmNk,Clarisse,Eichsteller,chocolateemu@field.gov,2023-05-13 04:36:08+00:00,Responded
00v2T000021L7fBhg1,0032T00002ZC2fmrKP,7012T00000ftDe5OHW,Liliane,El Ahmadi,napkinmobilelarva@library.edu,2023-06-17 17:10:15+00:00,Responded
00v2T00002NaWGGDFG,0032T00002MLisCqXz,7012T00000ftDe5OHW,Ashil,Fabiano,dodowouldst@rush.com,2023-06-22 15:30:37+00:00,Responded
00v2T00002eRUPHtUF,0032T00002fCrR5SWc,7012T00000ZIfHxmNk,Schoenen,Vosshage,jigpufferfish@boo.com,2023-04-07 01:17:43+00:00,Responded
00v2T000021Vm5uFYT,0032T00002NR1eNLmQ,7012T00000ftDe5OHW,Herzlia,Finez,valentinesshielddivision@toys.com,2023-07-04 02:58:29+00:00,Responded
00v2T000028LWGXSQh,0032T000027HbilyPH,7012T00000KXg4XgDO,Jo Ann,Baldelana,origamioceania@now.com,2023-04-07 16:52:51+00:00,Responded
00v2T00002GEnHvCsw,0032T0000255xvRdKu,7012T00000ZIfHxmNk,Edita,Tchekhovich,you@invitation.com,2023-05-24 03:29:28+00:00,Responded
00v2T00002sNBv15Hx,0032T000024JarKPDP,7012T00000ftDe5OHW,Astasio,Shraddha,funnelneedle@hath.com,2023-07-02 00:50:15+00:00,Responded
00v2T00002VEGoxUNy,0032T00002zhiTUKtO,7012T00000ZIfHxmNk,Loretta,Yeluri,illusion@goes.edu,2023-05-16 18:46:09+00:00,Responded
00v2T00002fMr8ccWu,0032T000025FNt5kYc,7012T00000ftDe5OHW,Calzas,Vereda,shockingsolace@split.com,2023-06-16 14:55:40+00:00,Responded
00v2T00002FxOg88ep,0032T000025eZDR2dW,7012T00000ftDe5OHW,Korie,Haeberle,nabarlekits@zorilla.edu,2023-06-19 17:27:29+00:00,Responded
00v2T00002h7bCODS3,0032T00002vkXE3wNv,7012T00000KXg4XgDO,Nueba,Meisel,speddoth@so.com,2023-05-27 01:18:48+00:00,Responded
00v2T00002RUcaGJgd,0032T00002cfWEGYp2,7012T00000ftDe5OHW,Abbi,Fourmy,vermont@like.com,2023-07-03 18:38:17+00:00,Responded
00v2T00002JtE0K9tD,0032T00002RRHWqIm9,7012T00000KXg4XgDO,Trish,Pablos,europe@wagon.com,2023-05-02 22:35:35+00:00,Responded
00v2T000027eRncwaP,0032T00002o7zVuEuk,7012T00000ftDe5OHW,Meggy,Videau,lanternfishlikeness@grey.com,2023-06-11 01:35:16+00:00,Responded
00v2T00002PxKdlwQD,0032T00002v4PvcE9w,7012T00000ZIfHxmNk,Arlena,Alsasua,pickedbell@august.co.uk,2023-04-25 15:40:05+00:00,Responded
00v2T000025TQN4Uw1,0032T000023GdaG7wZ,7012T00000ftDe5OHW,Lorilyn,Hawker,do@most.co.uk,2023-05-05 02:48:14+00:00,Responded
00v2T00002KN9Ekndb,0032T00002QxEpB2wy,7012T00000ftDe5OHW,Mora,Kicksee,lake@play.org,2023-06-22 04:14:17+00:00,Responded
00v2T000021J50yEw5,0032T00002p1MewyLO,7012T00000ZIfHxmNk,Antonietta,Cachulo,saucewoodpeckeroyster@rescued.org,2023-05-13 16:28:40+00:00,Responded
00v2T000027erY9coA,0032T00002emmNYlUu,7012T00000KXg4XgDO,Kath,Odet,saltsee@garlands.edu,2023-04-14 13:01:50+00:00,Responded
00v2T00002T4frJYWZ,0032T00002QRkuWrvd,7012T00000ftDe5OHW,Claudine,Hefele,wrappedcharmingmayflower@dodo.co.uk,2023-06-22 20:03:52+00:00,Responded
00v2T00002LfUkMhCi,0032T00002acWczM4m,7012T00000ftDe5OHW,Tracie,Bruneau,eyesandchin@called.com,2023-06-17 14:29:40+00:00,Responded
00v2T00002Kl4c3DaH,0032T00002Xw2vp7vb,7012T00000ftDe5OHW,Estrompa,Bolumar,sings@trap.com,2023-07-07 04:28:31+00:00,Responded
00v2T00002EaoKLP9o,0032T00002frhnY1S0,7012T00000ftDe5OHW,Trixie,Agramov,alive@dart.com,2023-06-29 18:39:38+00:00,Responded
00v2T00002zW69A5hH,0032T00002hMiCIUEG,7012T00000ZIfHxmNk,Kassey,Walers,urchins@thrown.edu,2023-05-15 01:30:02+00:00,Responded
00v2T00002vXA4wZx0,0032T00002R5dGnFrf,7012T00000ftDe5OHW,Rachele,Karlstetter,sits@needle.gov,2023-05-08 13:31:23+00:00,Responded
00v2T000024br4c0Sl,0032T00002gS8Lgtgo,7012T00000ftDe5OHW,Lorena,Shain,seekmosaicbluebird@trachodon.com,2023-06-10 03:34:13+00:00,Responded
00v2T000020aSfcqSG,0032T00002WVft334e,7012T00000ftDe5OHW,Estrompa,Riaguas,skinnywavecactus@live.com,2023-06-25 23:38:29+00:00,Responded
00v2T000023BaeaB6P,0032T000029NcguFiY,7012T00000ZIfHxmNk,Bill,Landeire,meetsunthink@walked.net,2023-04-24 17:22:23+00:00,Responded
00v2T000027XT8m0Dn,0032T00002DIRLwI1a,7012T00000ZIfHxmNk,Shahbazov,Louis,buyf@pirate.net,2023-05-13 23:22:09+00:00,Responded
00v2T00002ko02aAcO,0032T00002JZKfIDqo,7012T00000ftDe5OHW,Camel,Moffat A.C.E.,irish@maids.co.uk,2023-06-13 03:48:06+00:00,Responded
00v2T000028A9APhyL,0032T00002Udhr1ss0,7012T00000ftDe5OHW,Costanza,Bucci,hheartssoothes@february.co.uk,2023-06-25 15:15:19+00:00,Responded
00v2T000028WwDyV7t,0032T00002ZzcVnfK4,7012T00000ftDe5OHW,Delia,Poejo,evening@test.org,2023-06-22 20:54:36+00:00,Responded
00v2T00002cP36ZAhK,0032T00002VLOGxXQM,7012T00000ZIfHxmNk,Ninon,Ralph,emblemwalkingought@bread.com,2023-05-18 18:48:37+00:00,Responded
00v2T00002CUFgDF5v,0032T000025GcNllbc,7012T00000ftDe5OHW,Nessy,Izarondo,ichthyosaurushummings@goat.org,2023-06-04 14:45:54+00:00,Responded
00v2T000026zU6KWj4,0032T000026JSl3VKF,7012T00000ZIfHxmNk,Georgeanna,Pennington,dadstonetennessee@was.gov,2023-05-16 02:47:47+00:00,Responded
00v2T00002slYbtUX9,0032T00002nQo8nlRs,7012T00000KXg4XgDO,Hilde,Bausela,tumblingslowly@walla.net,2023-04-01 02:25:57+00:00,Responded
00v2T00002g60EsjDX,0032T00002rTESYtUG,7012T00000ZIfHxmNk,Guendolen,Maibucher,velociraptorsettledmournfully@took.com,2023-03-31 21:38:38+00:00,Responded
00v2T00002xInXYf3L,0032T00002fYBicqDE,7012T00000ZIfHxmNk,Phyllis,Lurie,eversoohopping@some.com,2023-05-18 01:53:29+00:00,Responded
00v2T00002ViwSWH5F,0032T00002yAfGTqjN,7012T00000ftDe5OHW,Brittan,Troya,intestinesregrettrouble@ducks.com,2023-06-29 21:22:20+00:00,Responded
00v2T00002u4rVmcUa,0032T000021vL4cOa0,7012T00000KXg4XgDO,Tamarra,Steinlechner,lose@lad.com,2023-04-24 16:35:24+00:00,Responded
00v2T00002VPrKE9gH,0032T00002X7dqf9ZO,7012T00000ftDe5OHW,Aurelea,Hehrein,hivesleepy@noon.com,2023-06-22 14:06:07+00:00,Responded
00v2T00002KQ0r1eRN,0032T00002WXP0pvJg,7012T00000ftDe5OHW,Joni,Virehovsky,mermaids@bunny.com,2023-06-18 02:23:40+00:00,Responded
00v2T00002LvxbfXpL,0032T00002hd9HdM6k,7012T00000ftDe5OHW,Shell,Lanzat,blunderheartyillinois@jan.net,2023-06-27 11:40:30+00:00,Responded
00v2T00002H0BqQ1uv,0032T00002L3GwSNbU,7012T00000ZIfHxmNk,Rosanne,Fearns,illsquizlighthouse@pi.com,2023-05-19 11:36:42+00:00,Responded
00v2T00002XSousuUj,0032T00002c82XfGiL,7012T00000ftDe5OHW,Cate,Mijares,deityfeethank@course.com,2023-06-19 13:46:22+00:00,Responded
00v2T00002e1fcArxg,0032T00002C4RI47CE,7012T00000ftDe5OHW,Julienne,Galera,fidlepart@s.com,2023-06-16 22:39:00+00:00,Responded
00v2T00002PhhafBPb,0032T000023b5PzfVB,7012T00000ZIfHxmNk,Tierney,Bongardtz,forwardbestfew@wolverine.com,2023-06-09 19:43:16+00:00,Responded
00v2T00002sUckGUti,0032T00002KM1PRse2,7012T00000ZIfHxmNk,Kristan,Mikhalevich,dooralivemole@eyelash.com,2023-05-18 17:51:44+00:00,Responded
00v2T00002Nn5XQhzy,0032T00002UnuM8H03,7012T00000ZIfHxmNk,Dareen,Schudekopf,coupleased@yacht.com,2023-05-18 20:33:18+00:00,Responded
00v2T00002NCODydOm,0032T00002dO06dUip,7012T00000KXg4XgDO,Thaddeus Van Clef,Eichholz,parallelogram@ton.com,2023-04-08 23:04:12+00:00,Responded
00v2T00002Lsoi883E,0032T00002GGjOREP1,7012T00000KXg4XgDO,Jo-Ann,Zanette,pugamericainfant@moans.gov,2023-03-30 00:49:43+00:00,Responded
00v2T000027YbUR4BE,0032T00002sQbJwjlg,7012T00000ZIfHxmNk,Jenifer,Daalmann,stonejanuaryharm@wife.com,2023-05-23 13:05:54+00:00,Responded
00v2T00002oTkul9KS,0032T00002snrfqzRx,7012T00000ZIfHxmNk,Heupt,Dittmer,chicken@stars.com,2023-05-16 00:32:26+00:00,Responded
00v2T00002j1i6Y15A,0032T00002WsqtfV4a,7012T00000ftDe5OHW,Nelia,Carita,divedchancesphoned@makes.co.uk,2023-07-06 04:18:13+00:00,Responded
00v2T000024kUHNiMQ,0032T00002hXJaoduU,7012T00000KXg4XgDO,Dayle,Sanguinhete,stateshomepulled@must.co.uk,2023-03-22 15:23:41+00:00,Responded
00v2T0000215anRJgh,0032T000028ENlrsYA,7012T00000KXg4XgDO,Xylia,Waseem,angelsstiffcakes@simmon.com,2023-05-01 00:09:23+00:00,Responded
00v2T00002BXaOBf7O,0032T00002ZM8r3oIt,7012T00000ftDe5OHW,Kym,Rockteschel,notewastebasket@ever.com,2023-06-27 16:47:20+00:00,Responded
00v2T000026OtFIlmP,0032T000027PHquDxS,7012T00000ftDe5OHW,Renard,Wachtendorf,quollhogssplit@nightingale.com,2023-07-04 14:15:49+00:00,Responded
00v2T00002CdSD7fUQ,0032T00002gATQObeB,7012T00000ftDe5OHW,Con,Saumya,samuraimeredartboard@peak.com,2023-06-15 19:50:21+00:00,Responded
00v2T0000250mgwwnZ,0032T00002351kMzqz,7012T00000KXg4XgDO,Susanetta,Riad,game@barefoot.com,2023-04-06 19:54:32+00:00,Responded
00v2T00002cWSjXoo6,0032T00002Ud9CoX7Z,7012T00000KXg4XgDO,Arlen,Que,presentqueuewiggle@solace.com,2023-05-04 23:41:38+00:00,Responded
00v2T00002fiCM2pAo,0032T00002HwNLcxpK,7012T00000ftDe5OHW,Leonelle,Huttl,piepugpuzzle@mussaurus.com,2023-06-19 03:03:13+00:00,Responded
00v2T00002dqF0IqU6,0032T00002S0fQwNYA,7012T00000ftDe5OHW,Arlena,Arenz,pennsylvanialook@by.com,2023-06-29 17:45:41+00:00,Responded
00v2T00002LKgeBye9,0032T00002HTnITsfa,7012T00000KXg4XgDO,Odette,Vimercati,prayers@scary.net,2023-03-15 14:31:38+00:00,Responded
00v2T00002Hzh7zAip,0032T000021SE2hNPY,7012T00000KXg4XgDO,Olwen,Lorizate,eelside@eats.com,2023-04-12 21:37:38+00:00,Responded
00v2T00002vlV8atJW,0032T0000269AM7M3G,7012T00000ZIfHxmNk,Margaretha,Nerlich,miracledove@sister.gov,2023-06-06 18:38:20+00:00,Responded
00v2T00002HPzVRDuj,0032T00002LwWA72O6,7012T00000KXg4XgDO,Trixie,Siefers,pets@eohippus.edu,2023-05-02 19:53:52+00:00,Responded
00v2T000025Vy2lWiz,0032T00002on6dogKh,7012T00000KXg4XgDO,Janifer,Lih,sleek@key.com,2023-03-14 20:18:40+00:00,Responded
00v2T00002NcjfJmiH,0032T00002jLE0We37,7012T00000ftDe5OHW,Layne,Trefus,bowlbutterheaps@unharmed.com,2023-06-18 00:58:07+00:00,Responded
00v2T00002bvu4D0PU,0032T000028bEX6115,7012T00000ZIfHxmNk,Rhetta,Heindorf,maracasdifferent@crab.com,2023-05-31 18:13:07+00:00,Sent
00v2T00002URazhna7,0032T00002gcVk0mpI,7012T00000ftDe5OHW,Schoenen,Claparols,joyswim@blackbirds.edu,2023-06-18 03:19:45+00:00,Responded
00v2T000024vnyHJhf,0032T00002Agmg9K4f,7012T00000KXg4XgDO,Tiff,Snyders,sensationaround@manger.org,2023-04-13 04:48:47+00:00,Responded
00v2T00002uanOwAt8,0032T00002LKVq8Ly8,7012T00000ftDe5OHW,Nari,Kozlowski,tie@python.edu,2023-06-28 14:34:03+00:00,Responded
